Alcryst_Tender_Groom,Alcryst_Tender_Archer
Alear_Seaside_Dragon,Alear_Dragon_Child,Alear_Dragon_Youth,Alear_Awoken_Divinity,Alear_Engaging_Fire,Alear_Gifted_Dragons,Alear_Red_Days_Past,Alear_Fell_Dragon_Child
Alfred_Floral_Protector
Anankos_Seething_Silence
Arion_Gungnirs_Heir
Arlen_Mage_of_Khadein
Artur_Silver_Saint
Arval_Cycle_Keeper
Ashe_Fabled_Sea_Knight,Ashe_Budding_Chivalry,Ashe_Chivalric_Amends
Astrid_Resolute_Damsel
Athos_Omniscient_One
Atlas_Forest_Muscle
August_Astute_Tactician
Azama_Carefree_Monk
Baldr_Rays_of_Judgment,Baldr_Celestial_Sun_God_Weakened,Baldr_Celestial_Sun_God
Balthus_Summers_Big_Bet,Balthus_King_of_Grappling
Basilio_Feroxi_West-Khan
Bastian_Crimeas_Keystone
Benny_Sensitive_Soul
Bertram_Dread_Cavalier
Bors_Ostias_Bastion
Boyd_Future_Great
Brady_Daunting_Priest
Brigand_Boss_Known_Criminal
Bruno_Masked_Reveler,Bruno_Masked_Knight,Bruno_Prince_Beset,Bruno_Prince_Beset_Unmasked,Bruno_Masked_Hare,Bruno_Masked_Knight
Candace_Sly_Snatcher
Caspar_Summer_Intensity,Caspar_Hotheaded_Inciter
Castor_Loving_Son
Cath_Master_Thief,Cath_Caper_Captain
Celine_Teatime_Ninja,Celine_Joyous_Royal,Celine_Blissful_Tea_Party
Cervantes_Invincible_General
Charlotte_Wily_Warrior,Charlotte_Money_Maiden
Chulainn_Unbeaten_Warrior
Citrinne_Caring_Noble
Clanne_Summer_Fan
Clarine_Refined_Noble
Colm_Capable_Thief
Cornelia_Saint_Consumed
Cyril_Rheas_Attendant
Dagdar_Reformed_Bandit
Darros_Seawalker
Deen_Bladed_Sandstorm
Dew_Benevolent_Thief
Dheginsea_Harvest_Goldoan
Diamant_Rising_Power,Diamant_Gallant_Ninja
Dorothea_Yuletide_Dancer,Dorothea_Solar_Songstress,Dorothea_Twilit_Harmony,Dorothea_Daring_Ex-Singer
Dorothy_Devoted_Archer
Dozla_Harvest_Attendant
Dwyer_Sleepy_Butler
Edain_Lady_of_Yngvi
Edward_Blade_of_Justice
Eikthyrnir_Resolved_to_Train,Eikthyrnir_Quieting_Strength,Eikthyrnir_Blessed_Strength,Eikthyrnir_Fit_for_Waves
Eitr_Spring_Sunrise,Eitr_Hand_of_Nothing
Elffin_Truth_Beholden
Elm_Retainer_to_Embla,Elm_Resolute_Grouch
Emmeryn_Selfless_Exalt,Emmeryn_Gentle_Exalt
Ena_Autumn_Tactician
Eremiya_Bishop_of_Woe
Ethlyn_Spirited_Princess,Ethlyn_Glimmering_Lady
Etie_Fitness_Fighter
Excellus_Conquerors_Wile
Fafnir_King_of_Desolation,Fafnir_King_of_Desolation_Dragon,Fafnir_Fresh_Ambition
Fargus_Badon_Buccaneer
Febail_Mercenary_Waif
Fee_Aspiring_Knight
Felix_Sword_Savant,Felix_Icy_Gift_Giver,Felix_Lone-Wolf_Blade,Felix_Savants_Service
Flavia_Feroxi_East-Khan,Flavia_Bold_Bride
Fogado_Summer_of_Bliss,Fogado_Affable_Prince
Fomortiis_Demon_King,Fomortiis_Dark_of_Night
Forde_Unfettered_Knight
Forrest_Fashion_Forward
Framme_Spring_Fangirl
Freyr_Estival_Dreams,Freyr_Dream-King
Fuga_Force_of_Gales
Galzus_Dark_Blade_of_Od
Ganglot_Death_Anew
Geese_A_Life_at_Sea
Geoffrey_Realms_Protector
Gilliam_Wall_of_Silence
Ginnungagap_Ruler_of_Nihility
Glen_Sunstone
Gonzalez_Kindly_Bandit
Gotoh_White_Sage,Gotoh_Apostle_of_Naga
Gregor_Swell_Sword
Greil_Heroic_Exemplar
Griss_Indulging_Pain
Gustav_Exsanguinator,Gustav_Exsanguinator,Gustav_Majestic_Love
Guy_Kutolah_Blade
Hans_Ambitious_Brute
Hapi_Eternal_Sunlit_Pair,Constance_Fallen_Noble,Hapi_Drawn-Out_Sigh
Harken_Troubled_Warrior
Hayato_Diviner_of_Reppu
Heather_Wandering_Ninja
Henriette_Overflowing_Love
Hestia_Dumas_Witch
Hodr_Dusk_Shadow_God
Holst_Hero_of_Leicester
Homer_Traveling_Bard
Hortensia_Winters_Dearest,Hortensia_Little_Charmer
Hraesvelgr_Wings_of_Healing,Hraesvelgr_Quieting_Blade
Hugh_Worldly_Mage
Ignatz_Snowscape_Artist
Isadora_Escort_of_Pherae
Ivy_Tidal_Breeze,Ivy_Snow_Queen
Jarod_Nevassa_General
Jedah_Priest_of_Duma
Jeralt_Blade_Breaker
Jesse_Blithe_Mercenary
Juno_Soaring_Bride,Juno_Nimble_Grace
Kagetsu_Onigiri_Samurai
Kamui_Wandering_Blade
Karin_Driven_Knight
Kellam_Pumpkin_Knight
Kent_Crimson_Shield
Kiragi_Upbeat_Archer
Kurthnaga_Autumn_Goldoan
Kyle_Zealous_Knight
Kyza_Tiger_of_Fortune
Lachesis_Lionhearts_Sister,Lachesis_Ballroom_Bloom
Lana_Benevolent_Bride
Lapis_Mighty_Flower,Lapis_Mighty_Bride,Lapis_Forager_of_the_Sea
Lara_Step_Lively
Larum_Sprightly_Dancer,Larum_Dancing_Bride
Laurent_The_Elucidator
Laeradr_Quieting_Heart
Leanne_Forests_Song,Azura_Hatari_Duet
Lena_Tender_Angel,Lena_Bereft_Angel
Lene_Yearning_Dancer,Dorothea_Twilit_Harmony
Leonardo_Freedoms_Arrow
Leonie_Relentless_Rays
Letizia_Curse_Director,Letizia_Curse_Director_Dark
Lifis_Terror_of_Iz
Limstella_Living_Construct
Linhardt_Spring_Snoozer,Linhardt_Hevrings_Heir
Linoan_Lady_of_Tarrah
Lissa_Sweet_Celebrant,Lissa_Sprightly_Cleric,Lissa_Pure_Joy,Lissa_Littlest_Princess
Lorenz_Highborn_Heat
Lucia_Tireless_Advisor,Lucia_Loyalty_Enrobed
Lucius_The_Light,Lucius_Calming_Light
Ludveck_Rebellious_Duke
Lumera_In_Distant_Skies,Lumera_Dragon_Monarch,Lumera_Corrupted_Dragon
Lyre_Lap_Cat_of_Luxury
Machyua_Blade_of_Gales
Malice_Deft_Sellsword,Malice_Blooming_Blade
Manuela_Silver_Caroler
Marcia_Petulant_Knight
Maria_Sunny_Smile,Maria_Minervas_Sister,Maria_Ritual_Sacrifice
Marla_Dumas_Witch
Marni_Pining_for_Praise
Matthis_Brother_to_Lena
Mauvier_Penitent_Knight
Medeus_Last_Earth_Dragon,Medeus_Earth-Dragon_King
Mercedes_Unfussed_Basker,Ayra_Together_in_Tea,Mercedes_Kindly_Devotee
Merrin_Suave_Knight
Metodey_Shrewd_Braggart
Midir_Archer_of_Yngvi
Miriel_Rapier_Intellect
Monica_Favored_Vassal
Mozu_Tragic_Start
Muarim_Raw_Instinct
Murdock_Loyal_General
Muspell_Raging_Inferno,Muspell_Flame_God
Mycen_Zofias_Champion
Natasha_Sacred_Healer
Neimi_Tearful_Archer
Nel_Stoic_Dragon,Nel_Stoic_Bride
Nergal_Traitor_to_Nabata
Nerthuz_New-Year_Doter,Nerthuz_God_of_the_Land,Nerthuz_Beach_Chaperone
Nidavellir_Founding_King
Nidhoggr_Quieting_Dose,Nidhoggr_Daze_of_Healing
Nifl_Tropical_Ice_God,Fjorm_Gleaming_Ice_Pair,Nifl_God_of_Ice
Niime_Mountain_Hermit
Nils_Wandering_Star,Nils_Bright_Bard,Nils_Snowflake_Melody
Noah_Mercenary-Errant
Noire_Shade_Seeker,Noire_Demurely_Deft,Noire_Of_Two_Minds
Nomah_Priest_of_Mila
Nuibaba_Mistress_of_Fear
Nyna_The_Last_Princess
Ogier_Ostias_New_Blade
Ophelia_Starlit_Maiden,Ophelia_Dramatic_Heroine
Orochi_Merry_Diviner,Kagero_Bond_Unwavering
Oswin_Impregnable_Knight
Pandreo_Party_Priest
Panette_Classy_Brawler
Patty_Youthful_Thief
Perne_Dacian_Scoundrel
Phila_Pegasus_Master
Phina_Roving_Dancer
Priam_Radiant_Hero
Priscilla_Delicate_Princess
Rafal_Atoning_Dragon
Rafiel_Blessed_Wings
Raphael_Muscle-Monger
Ratatoskr_Mending_Hand,Heidrun_Sisters_of_Healing
Reina_Sanguine_Shinobi
Rennac_Rich_Merchant
Reyson_White_Prince
Rhys_Gentle_Basker
Rickard_Carefree_Culprit
Ricken_Shepherd_Novice
Riev_Blood_Beryl
Rinea_Reminiscent_Belle
Rolf_Tricky_Archer
Rosado_Adorable_Artist
Roshea_Coyotes_Faithful
Rune_Source_of_Wisdom
Safy_Font_of_Piety
Sain_Green_Lance
Sakura_Loving_Priestess,Elise_Sweetheart_Royals,Nephenee_Festival_Harmony,Sakura_Gentle_Nekomata,Sakura_Hot-Spring_Healer,Sakura_In_Full_Bloom
Saleh_Vernal_Sage
Salem_Dark_Sage
Saul_Minister_of_Love,Saul_Loving_Shepherd
Scathach_Astras_Wake
Seadall_Misfortune-Teller
Seidr_Times_Goddesses,Gullveig_Seer_Beyond_Time,Gullveig_Golden_Seer,Gullveig_Glittering_Sunlight,Heidr_Cursed_Goddess,Heidr_Cursed_Goddess_Serpent,Heidr_Innocent_Goddess,Kvasir_Seer_of_the_Past,Kvasir_Unknown_Future,Seidr_Goddess_of_Hope
Sephiran_Hoary_Sovereign
Serra_Outspoken_Cleric,Celica_Sunlit_Priestesses
Shez_Snowfield_Envoy,Shez_Rising_Mercenary,Shez_Keen_Mercenary,Shez_Sharpest_Blades,Shez_Mercenary_Shine,Shez_Mercenary_Shade,Shez_Dual_Sword_Master
Silvia_Traveling_Dancer
Surtr_Ruler_of_Flame,Surtr_Pirate_of_Red_Sky
Sylvain_Spring_Flingster,Sylvain_Hanging_with_Tens,Sylvain_Consummate_Flirt
Syrene_Graceful_Rider
Tanith_Forthright_Heart,Tanith_Bright_Blade
Tatiana_Devoted_Saint
Tethys_Dancing_Sands,Tethys_Beloved_Dancer
Timerra_Trick_or_Meat,Timerra_Desert_Warrior
Tina_Playful_Scamp
Tine_Rumbling_Thunder,Tine_Determined_Bride
Tormod_Indomitable_Will
Uther_Frugal_Militarist
Vaida_Dracofang_General
Vaike_Sunbaked_Stunner
Validar_Fell_Architect
Vanessa_Dutiful_Rider
Veyle_Spring_Tranquility,Veyle_Gentle_Dragon,Veyle_Fell_Successor
Vigarde_Warmhearted_Sire,Vigarde_Silent_Emperor
Vika_Sea-Dark_Wing
Volke_Man_of_Mysteries
Vyland_Coyotes_Justice
Wil_Unequaled_Archer
Wolf_Coyotes_Loyal
Wolt_Sunbeam_Archer
Wrys_Kindly_Priest
Yenfay_Blade_Legend
Yukimura_Puppet_Master
Yuliya_Princess_of_Grust
Yunaka_Spirited_Envoy,Yunaka_Hidden_Mask
Yuri_Underground_Lord,Yuri_Ashen_Valiant,Yuri_Tropical_Wolf
Zeiss_Ebon_Bolt
Zelot_Avowed_Groom
Zephia_Scheming_Dragon,Zelestia_Loving_Leader
Zihark_Ninja_Blademaster
Thjazi_Ruthless_Jotun
Azama_Carefree_Monk_Resplendent
Lachesis_Lionhearts_Sister_Resplendent,Lachesis_Ballroom_Bloom
Lucius_The_Light_Resplendent,Lucius_Calming_Light
Ophelia_Dramatic_Heroine_Resplendent,Ophelia_Starlit_Maiden
Serra_Outspoken_Cleric_Resplendent,Celica_Sunlit_Priestesses
Surtr_Ruler_of_Flame_Resplendent,Surtr_Pirate_of_Red_Sky
Annand_Knight-Defender
Fiora_Airborne_Warrior,Fiora_Defrosted_Ilian
Zelgius_Jet-Black_General,Black_Knight_Sinister_General,Black_Knight_The_Nights_Blade,Black_Knight_Mortal_Legend,Zelgius_Ninja_Knight
Sayri_Chonsins_Blade,Sayri_Righteous_Bride
Elincia_Lost_Princess,Elincia_Estival_Princess,Elincia_Seaside_Queen,Elincia_Devoted_Queen,Elincia_Undaunted_Queen
Canas_Wisdom_Seeker
Arden_Strong_and_Tough
Klein_Silver_Nobleman
Arthur_Hapless_Hero,Arthur_Furious_Mage
Lilith_Astral_Daughter,Lilith_Silent_Broodling
Kronya_Gleaming_Blade
Joshua_Tempest_King,Joshua_Tropical_Gambler,Joshua_Resolute_Tempest
Linde_Light_Mage,Linde_Summer_Rays,Linde_Bound_by_Fate
Guinivere_Princess_of_Bern,Guinivere_Queen_of_Bern
Otr_Kingsbrother
Aversa_Dark_One
Bartre_Fearless_Warrior,Bartre_Earsome_Warrior
Ayra_Astras_Wielder,Ayra_Together_in_Tea,Ayra_Supreme_Astra
Shigure_Uplifting_Artist,Shigure_Dark_Sky_Singer
Shannan_Wielder_of_Astra
Solon_Church_Shadow
Linus_Mad_Dog,Linus_Savage_Dog
Raven_Peerless_Fighter
Orson_Passions_Folly
Beruka_Quiet_Assassin
Ursula_Blue_Crow,Ursula_Clear-Blue_Crow,Ursula_Royal-Blue_Crow,Ursula_Blackened_Crow
Mae_Bundle_of_Energy,Mae_Spring_Cheer
Leon_True_of_Heart
Faye_Devoted_Heart,Faye_Drawn_Heartstring
Jamke_Prince_of_Verdane
Garon_King_of_Nohr
Shiro_Raw_Talent
Leo_Sorcerous_Prince,Leo_Seashores_Prince,Leo_Extra_Tomatoes,Leo_Shrouded_Heart,Leo_Festival_Bonds,Leo_Dark_Sprout
Cain_The_Bull
Sully_Crimson_Knight
Yarne_Timid_Taguel,Yarne_Hoppy_New_Year,Yarne_Trick_or_Taguel
Helbindi_Savage_Scourge,Helbindi_Seaside_Scourge
Flayn_Playing_Innocent,Flayn_Silly_Kitty-Cat
Gaius_Candy_Stealer,Gaius_Thief_Exposed
Aelfric_Custodian_Monk
Yune_Chaos_Goddess
Gatekeeper_Nothing_to_Report
Cherche_Wyvern_Friend,Cherche_Shaded_by_Wings
Sigrun_Loyal_Protector,Sigrun_Steadfast_Bride
Athena_Borderland_Sword
Leila_Rose_amid_Fangs,Leila_Keen_Lookout,Leila_Superb_Shadow
Merlinus_Pheraes_Clerk
Cordelia_Knight_Paragon,Caeldori_Perfect_Angel,Chloe_Spring_Wings,Cordelia_Perfect_Bride,Cordelia_Knight_Paradise,Cordelia_Unyielding_Snow
Henry_Twisted_Mind,Henry_Happy_Vampire,Henry_Peculiar_Egg
Ranulf_Friend_of_Nations
Ilyana_Hungering_Mage,Ilyana_Treat_Harvester,Ilyana_Awakened_Appetite
Sheena_Princess_of_Gra
Melady_Crimson_Rider
Annette_Overachiever,Annette_Festive_Helper
Valter_Dark_Moonstone
Jorge_Traveling_Peddler
Nemesis_King_of_Liberation
Sonya_Vengeful_Mage,Sonya_Dazzling_Rabbits,Sonya_Beautiful_Mage
Siegbert_Future_King
Knoll_Darkness_Watcher
Ares_Black_Knight
Nephenee_Fierce_Halberdier,Nephenee_Sincere_Dancer,Nephenee_Festival_Harmony
Lukas_Sharp_Soldier,Lukas_Buffet_for_One
Delthea_Tatarrahs_Puppet,Delthea_Free_Spirit,Delthea_Prodigy_in_Bloom
Jaffar_Angel_of_Death,Jaffar_Angel_of_Night
Idunn_Dark_Priestess,Idunn_Dragonkin_Duo,Idunn_Divine_Demon,Nagi_Hopeful_Eternity
Gerik_Desert_Tiger
Barst_The_Hatchet
Virion_Elite_Archer
Mikoto_Caring_Mother
Shinon_Scathing_Archer,Shinon_Sharptongue_Ninja
Titania_Mighty_Mercenary,Titania_Warm_Knight
Roy_Blazing_Lion,Roy_Young_Lion,Roy_Brave_Lion,Roy_Youthful_Gifts,Roy_Blazing_Bachelors
Altena_Luminous_Rider
Zephiel_The_Liberator,Zephiel_Winters_Crown
Effie_Army_of_One,Effie_Dedicated_Heart
Mist_Helpful_Sister,Ike_Close-Knit_Siblings,Mist_Purest_Spirit
Elise_Budding_Flower,Corrin_Nightfall_Ninja_Act,Elise_Tropical_Flower,Elise_Bubbling_Flower,Elise_Sweetheart_Royals,Elise_Sparkling_Smile
Embla_God_of_Closure,Askr_Renewed_Gods,Embla_Closed-Off_Bride
Fae_Divine_Dragon,Fae_Holiday_Dear,Fae_Childlike_Dragon,Idunn_Dragonkin_Duo
Sophia_Nabata_Prophet,Sophia_Cobweb_Prophet,Sophia_Prescient_Bride
Nagi_Dragon_Avatar,Naga_Dragon_Divinity,Naga_Harvest_Divinity,Naga_Ruler_of_Dragons,Nagi_Hopeful_Eternity
Ross_His_Fathers_Son
Felicia_Maid_Mayhem,Felicia_Off_the_Menu,Felicia_Confidently_Cold
Duma_God_of_Strength,Duma_Strength_and_Love
Sonia_Inhuman_Beauty
Brunnya_Devoted_General
Petrine_Icy_Flame-Lancer
Sumia_Maid_of_Flowers
Mirabilis_Daydream,Mirabilis_Sugarplum_Vision,Mirabilis_Spring_Daydream
Peony_Sweet_Dream,Peony_Alfar_Dream_Duo,Peony_Cherished_Dream,Tana_Soothing_Warmth
Plumeria_Lewd_Dream,Caeda_Sea-Blossom_Pair,Plumeria_Temptation_Anew,Plumeria_Rapturous_Dream,Plumeria_Spring_Dance
Triandra_Nightmare,Peony_Alfar_Dream_Duo,Triandra_Sunlit_Nightmare,Triandra_Reverent_Dream
Alfonse_Prince_of_Askr
Lewyn_Guiding_Breeze,Lewyn_Wind-Song_Scion
Frederick_Polite_Knight,Frederick_Horizon_Watcher,Frederick_Youth_in_Service
Eyvel_Mistress_of_Fiana,Brigid_Orgahil_Pirate,Brigid_Awakened_Bow
Hilda_Idle_Maiden,Hilda_Holiday_Layabout,Hilda_Deers_Two-Piece,Hilda_Queen_of_Friege,Hilda_Helping_Hand
Quan_Luminous_Lancer,Quan_Lightfoot_Prince
Erk_Studious_Mage
Nyx_Rulebreaker_Mage
Hrid_Icy_Blade,Hrid_Resolute_Prince,Hrid_Island_Ice_Prince
Ogma_Loyal_Blade,Ogma_Blade_on_Leave
Lex_Young_Blade
Saber_Driven_Mercenary,Saber_Dune_Walker
Subaki_Perfect_Expert
Hardin_Dark_Emperor,Hardin_The_Coyote
Amelia_Rose_of_the_War,Amelia_Blossoming_Talent
Asbel_Windswept_Youth
Eitri_Youthful_Sage
Lethe_New_Years_Claw,Lethe_Gallias_Valkyrie,Lethe_Cat_Attack
Hawkeye_Desert_Guardian,Hawkeye_Taciturn_Guardian
Igrene_Nabata_Protector,Igrene_Ninja_of_Nabata,Igrene_Sworn_Protectors
Ashnard_Mad_King
Lysithea_Child_Prodigy,Lysithea_Earnest_Seeker,Lysithea_Gifted_Students,Lysithea_Tea_Sweetener
Sigurd_Fated_Holy_Knight,Sigurd_Holy_Knight,Sigurd_Destined_Duo,Sigurd_Proper_Pourer,Sigurd_Of_the_Holy_War
Hana_Focused_Samurai,Hana_Focused_Ninja,Hana_Striving_Heart
Michalis_Ambitious_King,Michalis_Fruiting_Ambition
Minerva_Red_Dragoon,Minerva_Princess-Knight,Minerva_Verdant_Dragoon
Kjelle_Fair_Fighter
Dithorba_Cutting_Knight
Hel_Death_Sovereign
Raigh_Dark_Child
Donnel_Village_Hero,Donnel_Sunny_Villager
Gunnthra_Years_First_Dream,Gunnthra_Voice_of_Dreams,Gunnthra_Beaming_Smile
Hinata_Wild_Samurai,Hinata_Samurai_Groom
Ullr_The_Bowmaster
Ash_Retainer_to_Askr,Ash_Earnest_Greetings,Meliai_Warrior_Wanderer
Farina_The_Great_Wing
Sedgar_Coyotes_Dutiful
Nott_Moons_Elegance,Dagr_New_Year_Jotnar
Petra_Princess_of_Brigid,Petra_Faraway_Sun
Legault_The_Hurricane
Heath_Wandering_Knight,Heath_Wyvern_Ninja
Iago_Nohrs_Tactician
Thea_Stormy_Flier,Catria_Azure_Wing_Pair,Thea_Wings_of_Winter
Gharnef_Dark_Pontifex
Ronan_Villager_of_Iz
Boey_Skillful_Survivor
Gunter_Inveterate_Soldier
Libra_Fetching_Friar
Nino_Pious_Mage,Nino_Pale_Flower,Nino_Flower_of_Frost,Nino_Spirited_Sorcerer,Nino_Fangs_Heart,Nino_Burst_of_Summer
LArachel_Princess_of_Light,LArachel_Harvest_Princess,LArachel_Seeker_of_Justice,LArachel_Summer_Princess
Jakob_Devoted_Servant,Jakob_Devoted_Monster
Xane_Autumn_Trickster,Xane_Desert_Mirage,Xane_Fickle_Dragon
Tobin_The_Clueless_One
Kagero_Honorable_Ninja,Kagero_Spring_Ninja,Kagero_Beverage_Ninja,Kagero_Bond_Unwavering,Nina_Shadowy_Figures
Kaze_Easygoing_Ninja
Sara_Lady_of_Loptr,Linde_Bound_by_Fate
Mathilda_Legendary_Knight
Berkut_Purgatorial_Prince,Berkut_Prideful_Prince,Berkut_Debonair_Noble,Rinea_Reminiscent_Belle
Gray_Wry_Comrade
Cynthia_Hero_Chaser
Nanna_Beloved_Princess,Ingrid_Cordial_Teatime,Nanna_Nordion_Princess,Nanna_Mystletainn_Scion
Larcei_Keen_Kin,Larcei_Scion_of_Astra,Larcei_Bride_of_Astra
Laslow_Dancing_Duelist,Inigo_Indigo_Dancer,Inigo_Festival_Flower,Inigo_Flower_Picker
Fjorm_Princess_of_Ice,Fjorm_New_Traditions,Fjorm_Bride_of_Rime,Fjorm_Ice_Ascendant,Fjorm_Seaside_Thaw,Fjorm_Gleaming_Ice_Pair,Laegjarn_Flame_and_Frost
Gangrel_Plegias_Mad_King
Caineghis_Gallias_Lion_King
Julius_Scion_of_Darkness
Clive_Idealistic_Knight
Oscar_Agile_Horseman
Finn_Lance_of_Legend,Finn_Devoted_Service
Midori_Reliable_Chemist
Eir_Merciful_Death,Eir_Renewed_Life,Eir_Life_Ascendant,Ymir_Seasons_of_Life
Reginn_Bearing_Hope,Reginn_Bearing_Dawn,Reginn_Dvergr_Heir
Conrad_Masked_Knight,Conrad_Unmasked_Knight
Gerome_Masked_Rider
Leif_Unifier_of_Thracia,Leif_Prince_of_Leonster,Leif_Destined_Scions,Leif_Sworn_to_Country
Reinhardt_Thunders_Sword,Reinhardt_Thunders_Fist,Reinhardt_Lightnings_Rondo,Reinhardt_Thrud_Reborn
Gatrie_Armored_Amour
Astram_Midias_Hero
Eleonora_Shooting_Starlet,Virion_Elite_Archer
Ishtar_Thunder_Goddess,Ishtar_Thunders_Waltz,Ishtar_Echoing_Thunder,Julia_Brides_of_Light
Sharena_Spring_Princess,Alfonse_Askran_Duo,Sharena_Princess_of_Askr,Sharena_Pillars_of_Peace,Sharena_Hopeful_Princess
Eldigan_Lionheart,Eldigan_Strutting_Lion
Fir_Sword_Student
Karel_Sword_Demon,Fir_Student_of_Spring,Fir_Swordmaiden
Selkie_New_Years_Spirit,Selkie_Free_Spirit
Innes_Regal_Strategician,Innes_Flawless_Form,Innes_Frelian_Moonlight,Innes_New_Years_Aim
Freyja_Lady_of_Nightmare,Eitr_Hand_of_Nothing,Eitr_Spring_Sunrise,Freyja_Fleeting_Summer,Karla_Spring_Reveries
Niles_Cruel_to_Be_Kind,Niles_Forbidden_Tease
Eliwood_Marquess_Pherae,Eliwood_Knight_of_Lycia,Eliwood_Devoted_Love,Eliwood_Blazing_Knight,Eliwood_Pledged_Friend,Roy_Blazing_Bachelors
Anna_Commander,Anna_Wealth-Wisher,Anna_Secret_Seller,Anna_Secret_Charmer,Anna_Twice_the_Anna
Louise_Lady_of_Violets,Igrene_Sworn_Protectors,Louise_Eternal_Devotion
Mila_Goddess_of_Love,Duma_Strength_and_Love
Oboro_Fierce_Fighter,Oboro_Fierce_Bride-to-Be
Duessel_Obsidian
Odin_Potent_Force,Owain_Chosen_One,Owain_Devoted_Defender
Nah_Little_Miss,Myrrh_Spring_Harmony,Nah_Grateful_One
Ashera_Order_Goddess
Abel_The_Panther
Stahl_Viridian_Knight
Jeorge_Perfect_Shot
Peri_Playful_Slayer
Bernadetta_Eternal_Loner,Bernadetta_Frosty_Shut-In,Bernadetta_Late_Hibernator,Bernadetta_Sheltered_Loner,Goldmary_Coy_Beach_Divas
Sothe_Zephyr,Micaiah_Dawn_Winds_Duo,Sothe_Rushing_Dawn,Sothe_Dawning_Zephyr
Veld_Manfroys_Rock
Marianne_Serene_Adherent,Hilda_Deers_Two-Piece,Marianne_Adopted_Daughter,Marianne_Cursed_Blessing
Mustafa_Plegian_Champion
Azura_Vallite_Songstress,Azura_Lady_of_the_Lake,Azura_Lady_of_Ballads,Azura_Celebratory_Spirit,Azura_Young_Songstress,Azura_Hatari_Duet,Azura_Songs_Reflection
Perceval_Knightly_Ideal
Fernand_Traitorous_Knight
Maribelle_Dire_Damsel
Ewan_Eager_Student
Nowi_Eternal_Youth,Nowi_Eternal_Witch
Sue_Doe_of_the_Plains
Altina_Cross-Time_Duo,Altina_Cross-Time_Duo,Altina_Unrivaled_Dawn,Edelgard_Sun_Empresses
Altina_Dawns_Trueblade,Altina_Dawns_Trueblade,Altina_Unrivaled_Dawn,Edelgard_Sun_Empresses,Sanaki_Begnions_Apostle,Sanaki_Apostle_in_White,Sanaki_Dawnsworn_Ninja
Ryoma_Peerless_Samurai,Ryoma_Peerless_Samurai,Ryoma_Dancing_Samurai,Ryoma_Samurai_at_Ease
Ryoma_Supreme_Samurai,Ryoma_Supreme_Samurai,Ryoma_Dancing_Samurai,Ryoma_Samurai_at_Ease
Naesala_Skys_Shadow,Naesala_Seas_Shadow
Rebecca_Wildflower,Rebecca_Breezy_Scamp
Luthier_Odd_Wayfarer,Luthier_Spring_Hopes
Katarina_Wayward_One,Katarina_Torchlit_Wanderer
Kaden_Refreshed_Kitsune,Kaden_Kitsune_Braggart
Lloyd_White_Wolf,Lloyd_Vengeful_Wolf
Gordin_Altean_Archer
Hubert_Sinister_Servant,Hubert_Crimson_Schemer
Cormag_Aloof_Lanceman
Clair_Highborn_Flier
Rinkah_Scion_of_Flame,Rinkah_Consuming_Flame
Luke_Rowdy_Squire
Narcian_Wyvern_General,Narcian_Vernal_General
Mordecai_Kindhearted_Tiger,Mordecai_Gentle_Firetender
Sirius_Mysterious_Knight,Camus_Sable_Knight,Zeke_Past_Unknown
Rath_Wolf_of_Sacae
Kliff_Curious_Spirit
Saizo_Angry_Ninja,Saizo_Hoshidos_Flame
Camilla_Light_of_Nohr,Camilla_Bewitching_Beauty,Camilla_Spring_Princess,Camilla_Holiday_Traveler,Camilla_Tropical_Beauty,Camilla_Flower_of_Fantasy,Camilla_Steamy_Secrets,Camilla_Midnight_Bloom,Camilla_Alluring_Darkness,Camilla_Young_Beauty,Hinoka_Fair_Pirate_Pair
Flora_Signature_Dish,Flora_Cold_as_Ice,Flora_Polar-Perfect
Navarre_Scarlet_Sword,Navarre_Scarlet_Ninja
Alm_Lovebird_Duo,Alm_Hero_of_Prophecy,Alm_Saint-King,Alm_Imperial_Ascent,Alm_Powerful_Resolve,Celica_Caring_Princess,Celica_Imprisoned_Soul,Celica_Warrior_Priestess,Celica_Queen_of_Valentia,Celica_Valentias_Hope,Celica_Of_Echoes,Celica_Sunlit_Priestesses
Death_Knight_The_Reaper
Chrom_Knight_Exalt,Chrom_Exalted_Prince,Chrom_Spring_Exalt,Chrom_Gifted_Leader,Chrom_Crowned_Exalt,Chrom_Fate-Defying_Duo,Chrom_Fated_Honor,Chrom_Fell_Exalt,Lucina_Shadows_of_Fate,Robin_Vessels_of_Fate
Setsuna_Absent_Archer
Mareeta_The_Blades_Pawn,Mareeta_Sword_of_Stars,Mareeta_Astra_Awakened
Marisa_Crimson_Flash,Marisa_Crimson_Rabbit,Marisa_Willful_Blades
Shanna_Sprightly_Flier,Shanna_Bridal_Novice
Xander_Paragon_Knight,Veronica_Harmonic_Pirates,Xander_Spring_Prince,Xander_Student_Swimmer,Xander_Dancing_Knight,Xander_Gallant_King,Xander_Focused_Firstborn
Ephraim_Restoration_Lord,Eirika_Twin_Refulgence,Ephraim_Legendary_Lord,Ephraim_Sacred_Twin_Lord,Ephraim_Sparkling_Gallantly,Ephraim_Dynastic_Duo,Ephraim_Sunshine_Valiant,Ephraim_Ardent_Prince
Erinys_Earnest_Knight
Seth_Silver_Knight,Seth_Silver-Sea_Knight
Takumi_Empty_Vessel,Takumi_Wild_Card,Takumi_Prince_of_Soup,Takumi_Prince_at_Play,Takumi_Troubled_Heart,Takumi_Wishful_Spark
Dagr_Suns_Radiance,Dagr_New_Year_Jotnar,Dagr_Bluster_Princess,Dagr_Sunny_Bloom
Tibarn_Shipless_Pirate,Tibarn_Lord_of_the_Air
Legion_Masked_Maniac
Python_Apathetic_Archer
Clarisse_Sniper_in_the_Dark
Lif_Lethal_Swordsman,Near_and_Dear,Alfonse_Prince_of_Askr,Alfonse_Spring_Prince,Alfonse_Askran_Duo,Alfonse_Uplifting_Love,Alfonse_Heir_to_Openness,Lif_Undying_Ties_Duo,Lif_Arcane_Blade
Forsyth_Loyal_Lieutenant
Soleil_Adorable_Adorer
Lonqu_Solitary_Blade,Lonqu_Spring_Jitters
Azelle_Youthful_Flame
Seteth_Seiros_Adherent
Kris_Unsung_Hero,Kris_Unknown_Hero,Kris_Ardent_Firebrand
Myrrh_Spooky_Monster,Myrrh_Great_Dragon,Myrrh_Spring_Harmony,Myrrh_Guardian_Dragon,Myrrh_Adored_Dragon
Deirdre_Fated_Saint,Deirdre_Lady_of_the_Forest,Sigurd_Destined_Duo
Genny_Endearing_Ally,Genny_Dressed_with_Care
Nina_Eye_Spy,Nina_Shadowy_Figures
Matthew_Faithful_Spy
Silque_Adherent_of_Mila,Silque_Selfless_Cleric
Elimine_Scouring_Saint
Draug_Gentle_Giant
Ingrid_Solstice_Knight,Ingrid_Galateas_Heir,Ingrid_Beacon_of_Honor,Ingrid_Cordial_Teatime
Roderick_Steady_Squire
Eirika_Graceful_Resolve,Eirika_Restoration_Lady,Eirika_Anamnesis_Lady,Eirika_Gentle_as_Snow,Eirika_Twin_Refulgence,Eirika_Pledged_Restorer,Eirika_Beach_Restorer,Eirika_Resolute_Princess,Eirika_Of_the_Sacred,Lyon_Esteemed_Royals
Dorcas_Serene_Warrior,Dorcas_Pumpkin_Smasher
Ferdinand_Noblest_of_Nobles,Ferdinand_Highborn_Sipper
Lilina_Firelight_Leader,Hector_Dressed-Up_Duo,Lilina_Delightful_Noble,Lilina_Blush_of_Youth,Lilina_Beachside_Bloom,Lilina_Beaming_Bride,Lilina_Brilliant_Flame
Sothis_Girl_on_the_Throne,Rhea_Aura_of_Love,Sothis_Silver_Specter,Sothis_Bound-Spirit_Duo
Tiki_Beachside_Scion,Tiki_Dragon_Scion,Tiki_Nagas_Voice,Tiki_Summering_Scion,Tiki_Legendary_Dragon,Tiki_Torpid_Dragon,Tiki_Harmonic_Hope,Tiki_Fated_Divinity,Tiki_Awakened_Blood,Tiki_Bridal_Reflections,Tiki_Dragons_Progeny
Kana_Dragon_Princess,Kana_Dragon_Spawn,Kana_Rising_Dragon,Kana_Rising_Sunlight
Byleth_Fell_Stars_Duo,Byleth_Proven_Professor,Byleth_Tested_Professor,Byleth_The_Fodlan_Star,Byleth_The_Fodlan_Light,Byleth_Sublime_Light,Byleth_Fount_of_Learning,Byleth_Vengeance_Vessel,Byleth_Frosty_Professors,Byleth_Anchor_of_Hope,Rhea_Witch_of_Creation,Rhea_Immaculate_One,Rhea_Loving_Matriarch,Rhea_Aura_of_Love,Seiros_Saint_of_Legend
Shamir_Archer_Apart,Shamir_Lone-Moon_Ninja,Shamir_Heartbeats_United
Silas_Loyal_Knight
Ylgr_Fresh_Snowfall,Ylgr_Breaking_the_Ice
Dedue_Dimitris_Vassal,Dedue_Loyal_Life_Guard,Dedue_Dauntless_Beast
Robin_Mystery_Tactician,Robin_High_Deliverer,Robin_Seaside_Tactician,Robin_Festive_Tactician,Robin_Fell_Reincarnation,Robin_Fell_Vessel,Robin_Fall_Vessel,Robin_Fall_Reincarnation,Robin_Tactful_Deliverer,Robin_Fell_Tactician,Robin_Exalts_Other_Half,Robin_Keen_Groom,Robin_Exalts_Deliverer,Robin_Vessels_of_Fate,Robin_Fated_Vessel,Robin_Exalts_Right_Hand
Panne_Proud_Taguel,Panne_Welcoming_Dawn
Lyn_Ninja-Friend_Duo,Florina_Lovely_Flier,Florina_Azure-Sky_Knight,Lyn_Lady_of_the_Plains,Lyn_Bride_of_the_Plains,Lyn_Brave_Lady,Lyn_Winds_Embrace,Lyn_Lady_of_the_Wind,Lyn_Lady_of_the_Beach,Lyn_Blazing_Whirlwind,Lyn_Of_Blazing,Mark_Winds_of_Hope
Jill_Fiery_Dracoknight
Marth_Royal_Altean_Duo,Elice_Altean_Princess,Marth_Altean_Prince,Marth_Enigmatic_Blade,Marth_Altean_Groom,Marth_Hero-King,Marth_Legacied_Hero,Marth_Prince_of_Light,Marth_Of_Beginnings,Marth_Love_and_Courage,Mia_Harmonic_Blades
Haar_Black_Tempest,Haar_Tempest_Runner
Micaiah_Priestess_of_Dawn,Micaiah_Summers_Dawn,Micaiah_Queen_of_Dawn,Micaiah_Dawn_Winds_Duo,Micaiah_Radiant_Queen,Micaiah_Wavecrest_Maiden,Micaiah_Dawning_Maiden,Micaiah_Of_Dawn,Sanaki_Dawnsworn_Ninja
Tharja_Dark_Shadow,Rhajat_Black_Magician,Sonya_Dazzling_Rabbits,Tharja_Normal_Girl,Tharja_Obsessive_Bride,Tharja_Florid_Charmer,Tharja_Beach_Dark_Mage,Tharja_Shadow_Ninja,Tharja_Gloomy_Mage
Julian_Tender_Thief
Lucina_Glorious_Archer,Lucina_Future_Witness,Lucina_Spring_Exalt,Lucina_Brave_Princess,Lucina_Future_Fondness,Lucina_Fates_Resolve,Lucina_Shadows_of_Fate
Loki_The_Trickster,Loki_Spring_Trickster,Loki_Trickster_God,Thorr_Sun-Kissed_Gods
Rudolf_Emperor_of_Rigel
Travant_King_of_Thracia
Hector_Marquess_of_Ostia,Hector_General_of_Ostia,Hector_Just_Here_to_Fight,Hector_Brave_Warrior,Hector_Dressed-Up_Duo,Hector_Sworn_Friend,Hector_Steel_Warrior
Catherine_Thunder_Knight,Shamir_Heartbeats_United
Olwen_Righteous_Knight,Olwen_Blue_Mage_Knight
Caellach_Tiger_Eye
Dieck_Wounded_Tiger
Morgan_Fated_Darkness,Morgan_Lad_from_Afar,Morgan_Lass_from_Afar,Morgan_Devoted_Darkness
Oliver_Admirer_of_Beauty
Miranda_Willful_Princess
Arete_Requiems_Beauty
Cecilia_Etrurian_General,Cecilia_Festive_Instructor,Cecilia_Etrurian_Bride
Lugh_Anima_Child
Pent_Mage_General,Pent_Fancy_Fiance
Selena_Fluorspar,Cordelia_Unyielding_Snow,Selena_Cutting_Wit,Selena_Sandbar_Fluorspar,Selena_Admiring_General
Tailtiu_Thunder_Noble,Tailtiu_Teatime_Mingler
Laevatein_Ninja_of_Muspell,Laevatein_Searing_Steel,Laevatein_Kumade_Warrior,Laevatein_Bonfires_Blaze
Ike_Brave_Mercenary,Ike_Young_Mercenary,Ike_Vanguard_Legend,Ike_Stalwart_Heart,Ike_Zeal_Unleashed,Ike_Close-Knit_Siblings,Ike_Of_Radiance,Ike_Desert_Mercenary
Valbar_Open_and_Honest
Arvis_Emperor_of_Flame
Karla_Sword_Vassal,Karla_Sun-Piercing_Steel,Karla_Spring_Reveries
Veronica_Spring_Princess,Lif_Undying_Ties_Duo,Sharena_Pillars_of_Peace,Thrasir_Omnicidal_Witch,Veronica_Emblian_Princess,Veronica_Princess_Beset,Veronica_Princess_Beset_Dark,Veronica_Princess_Rising,Veronica_Brave_Princess,Veronica_Harmonic_Pirates,Veronica_Bestowed_Love,Veronica_Princess_Rising,Veronica_Royal_Reception
Dimitri_Savage_Boar,Dimitri_The_Protector,Dimitri_King_of_Faerghus,Dimitri_Savior_King,Dimitri_Sky-Blue_Lion,Dimitri_Blessed_Protector,Dimitri_Stargazing_Lion
Kempf_Conniving_General
Jagen_Veteran_Knight
Edelgard_The_Future,Edelgard_Flame_Emperor,Edelgard_Adrestian_Emperor,Edelgard_Hegemon_Husk,Edelgard_Sun_Empresses,Edelgard_Snowfall_Future,Edelgard_Adorned_Eagle,Flame_Emperor_Bringer_of_War
Tana_Winged_Princess,Tana_Noble_and_Nimble,Tana_Frelian_Starlight,Tana_Soothing_Warmth,Tana_Soaring_Princess,Tana_Soaring_New_Year
Tanya_Dagdars_Kid
Julia_Crusader_of_Light,Julia_Nagas_Blood,Julia_Heart_Usurped,Julia_Scion_of_the_Saint,Julia_Brides_of_Light
Seliph_Scion_of_Light,Leif_Destined_Scions,Seliph_Heir_of_Light,Seliph_Enduring_Legacy,Seliph_Lights_Legacy
Pelleas_Ashnards_Orphan
Bramimond_The_Enigma
Norne_The_Volunteer,Norne_Seaside_Volunteer
Osian_Scolded_Soldier
Rutger_Lone_Swordsman
Thorr_War_God,Thorr_Sun-Kissed_Gods
Saias_Bishop_of_Flame
Hinoka_Blue_Sky_Warrior,Hinoka_Warrior_Princess,Hinoka_Relaxed_Warrior,Hinoka_Fair_Pirate_Pair,Hinoka_Thundering_Wings
Gwendolyn_Adorable_Knight
Lute_Prodigy,Lute_Summer_Prodigy,Lysithea_Gifted_Students
Echidna_Unyielding_Idealist
Palla_Eldest_Whitewing,Palla_Eldest_Bun-Bun,Palla_Sisterly_Trio,Palla_Kind_Eldest_Sister,Palla_Soaring_Summer
Catria_Middle_Whitewing,Catria_Spring_Whitewing,Catria_Mild_Middle_Sister,Catria_Azure_Wing_Pair,Catria_Windswept_Knight,Palla_Sisterly_Trio
Est_Junior_Whitewing,Est_Springtime_Flier,Est_Sweet_Baby_Sis,Palla_Sisterly_Trio
Chad_Lycian_Wildcat
Claude_Almyras_King,Claude_The_Schemer,Claude_King_of_Unification,Claude_Tropical_Trouble,Claude_Golden_Breeze,Claude_Yuletide_Schemer,Claude_Distant_Deer
Soren_Shrewd_Strategist,Soren_Addled_Strategist,Soren_Hushed_Voice,Soren_Wind_of_Tradition,Soren_Radiant_Confidant
Merric_Changing_Winds,Merric_Wind_Mage,Merric_Wind_Pontifex
Ced_Hero_on_the_Wind,Ced_Sage_of_the_Wind
Caeda_Beloved_Queen,Caeda_Talyss_Heart,Caeda_Talyss_Bride,Caeda_Princess_of_Talys,Caeda_Sea-Blossom_Pair,Caeda_Marths_Faithful,Marth_Love_and_Courage
Bantu_Tikis_Guardian
Walhart_The_Conqueror
Nailah_Unflinching_Eye,Nailah_Blessed_Queen,Nailah_Hatari_Scorcher
Velouria_Wolf_Cub,Velouria_Renewed_Wolfpup
Keaton_Lupine_Collector,Keaton_Resolved_Wolfskin
Laegjarn_Burning_Sun,Laegjarn_Sheathed_Steel,Laegjarn_New_Experiences,Laegjarn_Flame_Ascendant,Laegjarn_Flame_and_Frost
Galle_Azure_Rider
Corrin_Fateful_Prince,Corrin_Fateful_Princess,Corrin_Novice_Vacationer,Corrin_Enjoying_Tradition,Corrin_Dream_Prince,Corrin_Dream_Princess,Corrin_Wailing_Soul,Corrin_Bloodbound_Beast,Corrin_Child_of_Dusk,Corrin_Nightfall_Ninja_Act,Corrin_Daylight_Ninja_Act,Corrin_Starry_Seer,Corrin_Celestial_Sorcerer,Corrin_Silent_Bloodline,Corrin_Child_of_Dawn,Corrin_Young_Kinship
