Key,Name,Default,Unlock
Abel:_The_Panther,Panther Lance,—,5
Aelfric:_Custodian_Monk,Rauðrrabbit+,5,5
Alcryst:_Tender_Archer,Arcane Darkbow,5,5
Alcryst:_Tender_Groom,Harp Bow+,5,5
Alear:_Awoken_Divinity,Dragon's Fist,5,5
Alear:_Dragon_Child,Libération,5,5
Alear:_Dragon_Youth,Libération,5,5
Alear:_Engaging_Fire,Divine One's Arts,5,5
Alear:_Fell_Dragon_Child,Fell Child's Blade,5,5
Alear:_Gifted_Dragons,Wintery Arts,5,5
Alear:_Red_Days_Past,Fell Child's Arts,5,5
Alear:_Seaside_Dragon,Maritime Arts,5,5
Alfonse:_Askran_Duo,Imbued Koma,5,5
Alfonse:_Heir_to_Openness,Majestic Glitnir,5,5
Alfonse:_Prince_of_Askr,Fólkvangr,5,5
Alfonse:_Spring_Prince,Giant Spoon+,5,5
Alfonse:_Uplifting_Love,Amity Blooms+,5,5
Alfred:_Floral_Protector,Arcane Qiang,5,5
Alm:_Hero_of_Prophecy,Falchion,5,5
Alm:_Imperial_Ascent,Dracofalchion,5,5
Alm:_Lovebird_Duo,Scepter of Love,5,5
Alm:_Powerful_Resolve,True-Bond Bow,5,5
Alm:_Saint-King,Luna Arc,5,5
Altena:_Luminous_Rider,Earthly Gáe Bolg,5,5
Altina:_Cross-Time_Duo,Ragnell·Alondite,5,5
Altina:_Dawn's_Trueblade,Ragnell·Alondite,5,5
Altina:_Unrivaled_Dawn,Arcadian Axes,5,5
Amelia:_Blossoming_Talent,Lance of Grado,5,5
Amelia:_Rose_of_the_War,Grado Poleax,—,5
Anankos:_Seething_Silence,Silent Breath,5,5
Anna:_Commander,Nóatún,5,5
Anna:_Secret_Charmer,Heartbroker Bow,5,5
Anna:_Secret_Seller,Apotheosis Spear,5,5
Anna:_Twice_the_Anna,Payday Pouch,5,5
Anna:_Wealth-Wisher,Fortune Bow+,5,5
Annand:_Knight-Defender,Aerial Longsword,—,5
Annette:_Festive_Helper,Peppy Bow+,5,5
Annette:_Overachiever,Crusher,5,5
Arden:_Strong_and_Tough,Arden's Blade,—,5
Ares:_Black_Knight,Dark Mystletainn,5,5
Arete:_Requiem's_Beauty,Tome of Grief,—,5
Arion:_Gungnir's_Heir,Heired Gungnir,5,5
Arlen:_Mage_of_Khadein,Lightburst Tome,5,5
Arthur:_Furious_Mage,Gronnvulture+,5,5
Arthur:_Hapless_Hero,Arthur's Axe,—,5
Artur:_Silver_Saint,Snow Globe+,5,5
Arval:_Cycle_Keeper,Rite of Souls,5,5
Arvis:_Emperor_of_Flame,Valflame,5,5
Asbel:_Windswept_Youth,Grafcalibur,5,5
Ash:_Earnest_Greetings,Heralding Horn,5,5
Ash:_Retainer_to_Askr,Horn of Opening,5,5
Ashe:_Budding_Chivalry,Bunny's Egg+,5,5
Ashe:_Chivalric_Amends,Just Bow,5,5
Ashe:_Fabled_Sea_Knight,Divine Sea Spear,5,5
Ashera:_Order_Goddess,Order's Sentence,5,5
Ashnard:_Mad_King,Gurgurant,5,5
Askr:_God_of_Openness,Illuminating Horn,5,5
Askr:_Open_Harvest,Horn of Harvest,5,5
Askr:_Renewed_Gods,Duality Vessel,5,5
Astram:_Midia's_Hero,Mercurius,5,5
Astrid:_Resolute_Damsel,Damiell Bow,5,5
Athena:_Borderland_Sword,Concealed Blade,—,5
Athos:_Omniscient_One,Blessed Aureola,5,5
Atlas:_Forest_Muscle,Stout Axe+,5,5
August:_Astute_Tactician,Diplomacy Staff,—,5
Aversa:_Dark_One,Aversa's Night,5,5
Ayra:_Astra's_Wielder,Ayra's Blade,5,5
Ayra:_Supreme_Astra,Sword of Isaach,5,5
Ayra:_Together_in_Tea,Teatime's Edge,5,5
Azama:_Carefree_Monk,Pain+,—,5
Azelle:_Youthful_Flame,Sparking Tome,5,5
Azura:_Celebratory_Spirit,Hagoita+,5,5
Azura:_Hatari_Duet,Dancing Flames,5,5
Azura:_Lady_of_Ballads,Urðr,5,5
Azura:_Lady_of_the_Lake,Sapphire Lance+,5,5
Azura:_Song's_Reflection,Tri-Path Splitter,5,5
Azura:_Vallite_Songstress,Prayer Wheel,5,5
Azura:_Young_Songstress,Book of Shadows,5,5
Balthus:_King_of_Grappling,Instant Axe+,5,5
Bantu:_Tiki's_Guardian,Wizened Breath,—,5
Barst:_The_Hatchet,Devil Axe,—,5
Bartre:_Earsome_Warrior,Carrot Cudgel+,5,5
Bartre:_Fearless_Warrior,Axe of Virility,—,5
Basilio:_Feroxi_West-Khan,Spirited Axe+,5,5
Bastian:_Crimea's_Keystone,Gronndeer+,5,5
Benny:_Sensitive_Soul,Steadfast Lance+,5,5
Berkut:_Debonair_Noble,Verðandi,5,5
Berkut:_Prideful_Prince,Dark Royal Spear,—,5
Berkut:_Purgatorial_Prince,Kriemhild,5,5
Bernadetta:_Eternal_Loner,Persecution Bow,5,5
Bernadetta:_Frosty_Shut-In,Hrist,5,5
Bernadetta:_Late_Hibernator,Bow of Repose,5,5
Bernadetta:_Sheltered_Loner,The Inexhaustible,5,5
Bertram:_Dread_Cavalier,Instant Sword+,5,5
Beruka:_Quiet_Assassin,Beruka's Axe,—,5
Black_Knight:_Sinister_General,Alondite,5,5
Black_Knight:_The_Night's_Blade,Solemn Axe,5,5
Boey:_Skillful_Survivor,Inscribed Tome,—,5
Bors:_Ostia's_Bastion,Doubler Lance+,5,5
Boyd:_Future_Great,Large War Axe,5,5
Fiora:_Airborne_Warrior,Airborne Spear,—,5
Zelgius:_Jet-Black_General,Alondite,5,5
Say'ri:_Chon'sin's_Blade,Amatsu,5,5
Elincia:_Lost_Princess,Amiti,5,5
Canas:_Wisdom_Seeker,Ancient Codex,—,5
Eliwood:_Blazing_Knight,Ardent Durandal,5,5
Brady:_Daunting_Priest,Slow+,—,5
Bramimond:_The_Enigma,Void Tome,5,5
Brigand_Boss:_Known_Criminal,Vulture Axe+,5,5
Brigid:_Awakened_Bow,Divine Yewfelle,5,5
Brigid:_Orgahil_Pirate,Helm Bow+,5,5
Brunnya:_Devoted_General,Fimbulvetr,5,5
Bruno:_Masked_Hare,Ovoid Staff+,5,5
Bruno:_Masked_Reveler,Peppy Cane+,5,5
Byleth:_Fell_Star's_Duo,Sun's Percussors,5,5
Byleth:_Fount_of_Learning,Guide's Hourglass,5,5
Byleth:_Frosty_Professors,Holy Yule Blade,5,5
Byleth:_Proven_Professor,Creator Sword,5,5
Byleth:_Sublime_Light,Inner Wellspring,5,5
Byleth:_Tested_Professor,Creator Sword,5,5
Byleth:_The_Fódlan_Light,Professorial Guide,5,5
Byleth:_The_Fódlan_Star,Professorial Text,5,5
Byleth:_Vengeance_Vessel,Captain's Sword,5,5
Caeda:_Beloved_Queen,Wing-Lifted Spear,5,5
Caeda:_Marth's_Faithful,Pure-Wing Spear,5,5
Caeda:_Princess_of_Talys,Feather Sword,5,5
Caeda:_Sea-Blossom_Pair,Dolphin-Dive Axe,5,5
Caeda:_Talys's_Bride,Blessed Bouquet+,5,5
Caeda:_Talys's_Heart,Wing Sword,—,5
Caeldori:_Perfect_Angel,Prodigy Polearm,5,5
Caellach:_Tiger_Eye,Tiger-Eye Axe,—,5
Cain:_The_Bull,Bull Blade,—,5
Caineghis:_Gallia's_Lion_King,Lion King Fang,5,5
Camilla:_Alluring_Darkness,Bewitching Tome,5,5
Camilla:_Bewitching_Beauty,Camilla's Axe,—,5
Camilla:_Flower_of_Fantasy,Book of Dreams,5,5
Camilla:_Holiday_Traveler,Kadomatsu+,5,5
Camilla:_Light_of_Nohr,Sanngriðr,—,5
Camilla:_Midnight_Bloom,Flowery Scroll,5,5
Camilla:_Spring_Princess,Green Egg+,5,5
Camilla:_Steamy_Secrets,Ouch Pouch+,5,5
Camilla:_Tropical_Beauty,Juicy Wave+,5,5
Camilla:_Young_Beauty,Axe of Dusk,5,5
Camus:_Sable_Knight,Gradivus,5,5
Candace:_Sly_Snatcher,Gainful Bow+,5,5
Caspar:_Hotheaded_Inciter,Up-Front Axe+,5,5
Caspar:_Summer_Intensity,Victorfish+,5,5
Castor:_Loving_Son,Vulture Bow+,5,5
Cath:_Caper_Captain,Lofty Leaflet,5,5
Cath:_Master_Thief,Armorpin Dagger+,5,5
Catherine:_Thunder_Knight,Thunderbrand,5,5
Catria:_Azure_Wing_Pair,Wedding-Bell Axe,5,5
Catria:_Middle_Whitewing,Whitewing Lance,—,5
Catria:_Mild_Middle_Sister,Astra Blade,5,5
Catria:_Spring_Whitewing,Huginn's Egg,5,5
Catria:_Windswept_Knight,Whitewind Bow+,5,5
Cecilia:_Etrurian_Bride,Bridal Orchid+,5,5
Cecilia:_Etrurian_General,Tome of Order,—,5
Cecilia:_Festive_Instructor,Goodie Boot+,5,5
Ced:_Hero_on_the_Wind,Winds of Silesse,5,5
Ced:_Sage_of_the_Wind,Heired Forseti,5,5
Celica:_Caring_Princess,Ragnarok,5,5
Celica:_Imprisoned_Soul,Beloved Zofia,5,5
Celica:_Of_Echoes,Caring Magic,5,5
Celica:_Queen_of_Valentia,Saintly Seraphim,5,5
Celica:_Valentia's_Hope,Mila's Testament,5,5
Celica:_Warrior_Priestess,Royal Sword,5,5
Céline:_Joyous_Royal,Joyous Tome,5,5
Céline:_Teatime_Ninja,Scroll of Teas,5,5
Cervantes:_Invincible_General,Defier's Lance+,5,5
Chad:_Lycian_Wildcat,Wildcat Dagger,—,5
Charlotte:_Money_Maiden,First Bite+,5,5
Charlotte:_Wily_Warrior,Fair-Fury Axe,5,5
Cherche:_Shaded_by_Wings,Wyvern Ono,5,5
Cherche:_Wyvern_Friend,Cherche's Axe,—,5
Chloé:_Fairy-Tale_Flier,Dreaming Spear,5,5
Chloé:_Spring_Wings,Sky-Hopper Egg,5,5
Chrom:_Crowned_Exalt,Randgríðr,5,5
Chrom:_Exalted_Prince,Falchion,5,5
Chrom:_Fate-Defying_Duo,Destiny's Bow,5,5
Chrom:_Fated_Honor,Geirdriful,5,5
Chrom:_Fell_Exalt,Arcane Devourer,5,5
Chrom:_Gifted_Leader,Sack o' Gifts+,5,5
Chrom:_Knight_Exalt,Sealed Falchion,5,5
Chrom:_Spring_Exalt,Carrot Axe+,5,5
Chulainn:_Unbeaten_Warrior,Campaign Blade+,5,5
Citrinne:_Caring_Noble,Tome of Luxuries,5,5
Clair:_Highborn_Flier,Rhomphaia,—,5
Clanne:_Summer_Fan,Small Spade+,5,5
Clarine:_Refined_Noble,Fear+,—,5
Clarisse:_Sniper_in_the_Dark,Sniper's Bow,—,5
Claude:_Almyra's_King,Wind Parthia,5,5
Claude:_Distant_Deer,Deer's Heart,5,5
Claude:_Golden_Breeze,Playful Pinwheel,5,5
Claude:_King_of_Unification,Failnaught,5,5
Claude:_The_Schemer,Cunning Bow,5,5
Claude:_Tropical_Trouble,Frozen Delight,5,5
Claude:_Yuletide_Schemer,Golden Yule Bow+,5,5
Clive:_Idealistic_Knight,Lordly Lance,—,5
Colm:_Capable_Thief,Quick Dagger+,5,5
Conrad:_Masked_Knight,Masked Lance,—,5
Conrad:_Unmasked_Knight,Melee Bouquet+,5,5
Constance:_Fallen_Noble,Agnea's Arrow,5,5
Cordelia:_Knight_Paradise,Shell Lance+,5,5
Cordelia:_Knight_Paragon,Cordelia's Lance,—,5
Dimitri:_Savior_King,Areadbhar,5,5
Klein:_Silver_Nobleman,Argent Bow,—,5
Lilith:_Astral_Daughter,Astral Breath,5,5
Kronya:_Gleaming_Blade,Athame,5,5
Joshua:_Tempest_King,Audhulma,5,5
Linde:_Light_Mage,Aura,5,5
Guinivere:_Princess_of_Bern,Aureola,5,5
Seiros:_Saint_of_Legend,Aurora Breath,5,5
Edelgard:_Flame_Emperor,Aymr,5,5
Shigure:_Uplifting_Artist,Azure Lance,—,5
Shannan:_Wielder_of_Astra,Balmung,5,5
Solon:_Church_Shadow,Banshee Θ,5,5
Linus:_Mad_Dog,Fanged Basilikos,—,5
Raven:_Peerless_Fighter,Basilikos,—,5
Orson:_Passion's_Folly,Bereft Lance,5,5
Hector:_Just_Here_to_Fight,Berserk Armads,5,5
Roy:_Young_Lion,Binding Blade,5,5
Eirika:_Pledged_Restorer,Binding Reginleif,5,5
Kris:_Unknown_Hero,Blade of Shadow,5,5
Roy:_Brave_Lion,Blazing Durandal,5,5
Gunnthrá:_Voice_of_Dreams,Blizzard,5,5
Lyon:_Demon_King,Blood Tome,5,5
Ursula:_Blue_Crow,Blue-Crow Tome,—,5
Mae:_Bundle_of_Energy,Book of Orchids,—,5
Leon:_True_of_Heart,Bow of Beauty,—,5
Faye:_Devoted_Heart,Bow of Devotion,—,5
Innes:_Frelian_Moonlight,Bow of Frelia,5,5
Jamke:_Prince_of_Verdane,Bow of Verdane,—,5
Lethe:_Gallia's_Valkyrie,Brazen Cat Fang,5,5
Garon:_King_of_Nohr,Breath of Blight,5,5
Tiki:_Dragon_Scion,Breath of Fog,—,5
Tiki:_Naga's_Voice,Breath of Fog,—,5
Nailah:_Blessed_Queen,Bride's Fang,5,5
Shiro:_Raw_Talent,Bright Naginata,5,5
Marth:_Legacied_Hero,Brilliant Rapier,—,5
Corrin:_Bloodbound_Beast,Brutal Breath,5,5
Leo:_Sorcerous_Prince,Brynhildr,5,5
Sully:_Crimson_Knight,Bull Spear,—,5
Fir:_Student_of_Spring,Bun-Bun Baton,5,5
Yarne:_Timid_Taguel,Bunny Fang,5,5
Helbindi:_Savage_Scourge,Býleistr,5,5
Flayn:_Playing_Innocent,Caduceus Staff,—,5
Gaius:_Candy_Stealer,Candied Dagger,—,5
Yune:_Chaos_Goddess,Chaos Manifest,5,5
Ike:_Zeal_Unleashed,Chaos Ragnell,5,5
Gatekeeper:_Nothing_to_Report,Charging Horn,5,5
Sigrun:_Loyal_Protector,Command Lance,—,5
Hector:_Dressed-Up_Duo,Conjurer Curios,5,5
Leila:_Rose_amid_Fangs,Constant Dagger,5,5
Merlinus:_Pherae's_Clerk,Convoy Dagger,—,5
Henry:_Twisted_Mind,Corvus Tome,—,5
Ranulf:_Friend_of_Nations,Covert Cat Fang,5,5
Ilyana:_Hungering_Mage,Craver's Tome,—,5
Sheena:_Princess_of_Gra,Crimson Axe,—,5
Melady:_Crimson_Rider,Crimson Lance,—,5
Valter:_Dark_Moonstone,Cursed Lance,5,5
Sanaki:_Begnion's_Apostle,Cymbeline,5,5
Jorge:_Traveling_Peddler,Daniel-Made Bow,5,5
Delthea:_Free_Spirit,Dark Aura,5,5
Nemesis:_King_of_Liberation,Dark Creator S,5,5
Sonya:_Vengeful_Mage,Dark Excalibur,5,5
Siegbert:_Future_King,Dark Greatsword,5,5
Knoll:_Darkness_Watcher,Dark Monograph,—,5
Julia:_Heart_Usurped,Dark Scripture,5,5
Lysithea:_Earnest_Seeker,Dark Spikes Τ,5,5
Nephenee:_Fierce_Halberdier,Dauntless Lance,—,5
Lukas:_Sharp_Soldier,Daybreak Lance,—,5
Fae:_Childlike_Dragon,Dazzling Breath,5,5
Delthea:_Tatarrah's_Puppet,Death,5,5
Jaffar:_Angel_of_Death,Deathly Dagger,5,5
Lyn:_Lady_of_the_Beach,Deep-Blue Bow,5,5
Idunn:_Dark_Priestess,Demonic Breath,5,5
Gerik:_Desert_Tiger,Desert-Tiger Axe,—,5
Virion:_Elite_Archer,Dignified Bow,—,5
Naga:_Dragon_Divinity,Divine Breath,5,5
Tiki:_Legendary_Dragon,Divine Mist,5,5
Deirdre:_Lady_of_the_Forest,Divine Naga,5,5
Sigurd:_Holy_Knight,Divine Tyrfing,5,5
Mikoto:_Caring_Mother,Doting Staff,—,5
Shinon:_Scathing_Archer,Double Bow,5,5
Titania:_Mighty_Mercenary,Draconic Poleax,—,5
Corrin:_Dream_Prince,Draconic Rage,5,5
Corrin:_Dream_Princess,Draconic Rage,5,5
Roy:_Blazing_Lion,Dragonbind,5,5
Minerva:_Princess-Knight,Dragoon Axe,5,5
Eliwood:_Knight_of_Lycia,Durandal,5,5
Kana:_Dragon_Spawn,Dusk Dragonstone,—,5
Est:_Springtime_Flier,Eagle's Egg,5,5
Cordelia:_Perfect_Bride,Cupid Arrow+,5,5
Cordelia:_Unyielding_Snow,Inseverable Spear,5,5
Cormag:_Aloof_Lanceman,Revenger Lance,—,5
Cornelia:_Saint_Consumed,Asclepius,—,5
Corrin:_Celestial_Sorcerer,Starlight Stone,5,5
Corrin:_Child_of_Dawn,Hoshido's Breath,5,5
Corrin:_Child_of_Dusk,Primordial Breath,5,5
Corrin:_Daylight_Ninja_Act,Ninja Naginata+,5,5
Corrin:_Enjoying_Tradition,Hama Ya+,5,5
Corrin:_Fateful_Prince,Yato,5,5
Corrin:_Fateful_Princess,Gloom Breath,—,5
Corrin:_Nightfall_Ninja_Act,Ninjutsu Scrolls,5,5
Corrin:_Novice_Vacationer,Sealife Tome+,5,5
Corrin:_Silent_Bloodline,Vallastone,5,5
Corrin:_Starry_Seer,Moonlight Stone,5,5
Corrin:_Wailing_Soul,Savage Breath,5,5
Corrin:_Young_Kinship,Duskstone,5,5
Cynthia:_Hero_Chaser,Lance of Heroics,—,5
Cyril:_Rhea's_Attendant,Aptitude Arrows,5,5
Dagr:_Bluster_Princess,Fujin Uchiwa,5,5
Dagr:_New_Year_Jötnar,Jötnar Bow,5,5
Dagr:_Sun's_Radiance,Skinfaxi,5,5
Dagr:_Sunny_Bloom,Veðrfölnir's Edge,5,5
Darros:_Seawalker,Deck Swabber+,5,5
Death_Knight:_The_Reaper,Scythe of Sariel,5,5
Dedue:_Dauntless_Beast,Arcane Crest,5,5
Dedue:_Dimitri's_Vassal,Taciturn Axe,—,5
Dedue:_Loyal_Life_Guard,Anchor Axe+,5,5
Deen:_Bladed_Sandstorm,Bone Carver+,5,5
Deirdre:_Fated_Saint,Spirit Forest Writ,5,5
Delthea:_Prodigy_in_Bloom,Bright-Shell Egg,5,5
Dew:_Benevolent_Thief,Helping Dagger+,5,5
Dheginsea:_Harvest_Goldoan,Blackfire Breath+,5,5
Diamant:_Gallant_Ninja,Bold Kusarigama,5,5
Diamant:_Rising_Power,Fair-Fight Blade,5,5
Dieck:_Wounded_Tiger,Tiger-Roar Axe,5,5
Dimitri:_Blessed_Protector,Blue Yule Axe,5,5
Dimitri:_King_of_Faerghus,Moon Gradivus,5,5
Dimitri:_Savage_Boar,Vengeful Lance,5,5
Dimitri:_Sky-Blue_Lion,Unyielding Oar,5,5
Dimitri:_Stargazing_Lion,Lion's Heart,5,5
Dimitri:_The_Protector,Noble Lance,5,5
Díthorba:_Cutting_Knight,Heavenly Icicle,—,5
Donnel:_Sunny_Villager,Wooden Tackle+,5,5
Donnel:_Village_Hero,Hewn Lance,—,5
Dorcas:_Pumpkin_Smasher,Hack-o'-Lantern+,5,5
Dorcas:_Serene_Warrior,Stout Tomahawk,5,5
Dorothea:_Daring_Ex-Singer,Blárvulture+,5,5
Dorothea:_Solar_Songstress,Hidden Thorns+,5,5
Dorothea:_Twilit_Harmony,Fell Candelabra,5,5
Dorothea:_Yuletide_Dancer,Sevenfold Gifts,5,5
Dorothy:_Devoted_Archer,Defier's Bow+,5,5
Dozla:_Harvest_Attendant,Pumpkin-a-Box+,5,5
Draug:_Gentle_Giant,Stalwart Sword,—,5
Duessel:_Obsidian,Obsidian Lance,5,5
Duma:_God_of_Strength,Fell Breath,5,5
Duma:_Strength_and_Love,Ghostly Lanterns,5,5
Dwyer:_Sleepy_Butler,Aid+,—,5
Echidna:_Unyielding_Idealist,Western Axe,—,5
Edain:_Lady_of_Yngvi,Staff of Yngvi,5,5
Edelgard:_Adorned_Eagle,Eagle's Heart,5,5
Edelgard:_Adrestian_Emperor,Flower Hauteclere,5,5
Edelgard:_Hegemon_Husk,Twin-Crest Power,5,5
Edelgard:_Snowfall_Future,Black Yule Lance,5,5
Edelgard:_Sun_Empresses,Regal Sunshade,5,5
Edelgard:_The_Future,Victorious Axe,5,5
Edward:_Blade_of_Justice,Caladbolg,5,5
Effie:_Army_of_One,Effie's Lance,—,5
Effie:_Dedicated_Heart,Petalfall Vase+,5,5
Eikþyrnir:_Blessed_Strength,Delivering Antler,5,5
Eikþyrnir:_Quieting_Strength,Quieting Antler,5,5
Eir:_Life_Ascendant,"Ymir, Everliving",5,5
Eir:_Merciful_Death,Lyfjaberg,5,5
Eir:_Renewed_Life,Temari+,5,5
Eirika:_Anamnesis_Lady,Gleipnir,5,5
Eirika:_Beach_Restorer,Caring Conch,5,5
Eirika:_Gentle_as_Snow,Joyous Lantern+,5,5
Eirika:_Graceful_Resolve,Storm Sieglinde,5,5
Eirika:_Of_the_Sacred,Azure Twin Edge,5,5
Eirika:_Resolute_Princess,Sisterly Axe,5,5
Eirika:_Restoration_Lady,Sieglinde,5,5
Eirika:_Twin_Refulgence,Blade of Renais,5,5
Eitr:_Hand_of_Nothing,Arcane Nihility,5,5
Eitr:_Spring_Sunrise,Petaldream Horn,5,5
Eitri:_Youthful_Sage,Grim Brokkr,5,5
Eldigan:_Lionheart,Mystletainn,5,5
Eldigan:_Strutting_Lion,Courtly Candle+,5,5
Eleonora:_Shooting_Starlet,Mirage Longbow,5,5
Elffin:_Truth_Beholden,Light of Etruria,5,5
Elice:_Altean_Princess,Trilemma+,—,5
Elimine:_Scouring_Saint,Staff of the Saint,—,5
Elincia:_Devoted_Queen,Crimean Scepter,—,5
Elincia:_Estival_Princess,Cloud Maiougi+,5,5
Elincia:_Seaside_Queen,Whitecap Bow+,5,5
Elincia:_Undaunted_Queen,Absolute Amiti,5,5
Elise:_Bubbling_Flower,Red-Hot Ducks+,5,5
Elise:_Budding_Flower,Elise's Staff,—,5
Elise:_Sparkling_Smile,Baton of Dusk,5,5
Elise:_Sweetheart_Royals,Dusk-Dawn Staff,5,5
Elise:_Tropical_Flower,Hibiscus Tome+,5,5
Eliwood:_Devoted_Love,Casa Blanca+,5,5
Eliwood:_Marquess_Pherae,Ninis's Ice Lance,5,5
Eliwood:_Pledged_Friend,Fiery War Sword,5,5
Elm:_Resolute_Grouch,Fang of Finality,5,5
Embla:_Closed-Off_Bride,Closing Florets,5,5
Embla:_God_of_Closure,Enclosing Claw,5,5
Emmeryn:_Gentle_Exalt,Fear+,—,5
Emmeryn:_Selfless_Exalt,Exalt's War Staff,5,5
Ena:_Autumn_Tactician,Pale Breath+,5,5
Ephraim:_Ardent_Prince,Righteous Lance,5,5
Ephraim:_Dynastic_Duo,Reginleif,5,5
Ephraim:_Legendary_Lord,Flame Siegmund,5,5
Ephraim:_Restoration_Lord,Siegmund,5,5
Ephraim:_Sacred_Twin_Lord,Garm,5,5
Ephraim:_Sparkling_Gallantly,Festive Siegmund,5,5
Ephraim:_Sunshine_Valiant,Seafoam Splitter,5,5
Eremiya:_Bishop_of_Woe,Panic+,—,5
Erinys:_Earnest_Knight,Silesse Frost,5,5
Erk:_Studious_Mage,Rauðrfox+,5,5
Est:_Junior_Whitewing,Whitewing Spear,—,5
Est:_Sweet_Baby_Sis,Tri-Edge Lance,5,5
Ethlyn:_Glimmering_Lady,Courtly Fan+,5,5
Ethlyn:_Spirited_Princess,Fear+,—,5
Etie:_Fitness_Fighter,Protection Bow+,5,5
Ewan:_Eager_Student,Pupil's Tome,—,5
Eyvel:_Mistress_of_Fiana,Freeblade's Edge,—,5
Fae:_Divine_Dragon,Eternal Breath,—,5
Fae:_Holiday_Dear,Glittering Breath+,5,5
Fáfnir:_Fresh_Ambition,Niðavellir Sprig,5,5
Fargus:_Badon_Buccaneer,Corsair Cleaver,5,5
Farina:_The_Great_Wing,Hotshot Lance,5,5
Faye:_Drawn_Heartstring,Budding Bow+,5,5
Febail:_Mercenary_Waif,Heired Yewfelle,5,5
Fee:_Aspiring_Knight,Protection Edge+,5,5
Felicia:_Confidently_Cold,Ice-Tribe Axe,5,5
Felicia:_Maid_Mayhem,Felicia's Plate,—,5
Felicia:_Off_the_Menu,Eldhrímnir,5,5
Felix:_Icy_Gift_Giver,Reindeer Bow+,5,5
Felix:_Lone-Wolf_Blade,Lone-Wolf Blade,5,5
Felix:_Sword_Savant,New Levin Sword,5,5
Ferdinand:_Highborn_Sipper,Teatime Set+,5,5
Ferdinand:_Noblest_of_Nobles,Stoutheart Lance,—,5
Fernand:_Traitorous_Knight,Proud Spear,5,5
Finn:_Lance_of_Legend,Loyalty Spear,—,5
Fiora:_Defrosted_Ilian,Petal Parasol+,5,5
Fir:_Sword_Student,Nameless Blade,—,5
Fir:_Swordmaiden,Vassal-Saint Steel,5,5
Fjorm:_Bride_of_Rime,Gjallarbrú,5,5
Fjorm:_Gleaming_Ice_Pair,Ice-Crystal Spear,5,5
Fjorm:_Ice_Ascendant,Nifl's Bite,5,5
Fjorm:_New_Traditions,Kabura Ya+,5,5
Fjorm:_Princess_of_Ice,Leiptr,5,5
Fjorm:_Seaside_Thaw,Ice-Bound Brand,5,5
Flame_Emperor:_Bringer_of_War,Flame Battleaxe,—,5
Flavia:_Bold_Bride,Bridal Blade+,5,5
Flavia:_Feroxi_East-Khan,Lioness Blade,5,5
Flayn:_Silly_Kitty-Cat,Kitty-Cat Parasol,5,5
Flora:_Cold_as_Ice,Hoarfrost Knife,5,5
Flora:_Polar-Perfect,Ice Dagger+,5,5
Flora:_Signature_Dish,Sæhrímnir,5,5
Florina:_Azure-Sky_Knight,New-Height Bow,5,5
Florina:_Lovely_Flier,Florina's Lance,—,5
Fogado:_Affable_Prince,Sentinel Bow,5,5
Fomortiis:_Dark_of_Night,Icy Ravager,5,5
Fomortiis:_Demon_King,Ravager,5,5
Forde:_Unfettered_Knight,Wild Wind Sword,5,5
Forrest:_Fashion_Forward,Panic+,—,5
Forsyth:_Loyal_Lieutenant,Sol Lance,5,5
Framme:_Spring_Fangirl,Hippity-Hop Axe,5,5
Frederick:_Horizon_Watcher,Seashell+,5,5
Frederick:_Polite_Knight,Frederick's Axe,—,5
Frederick:_Youth_in_Service,Heavy War Axe,5,5
Freyja:_Fleeting_Summer,Brightmare Horn,5,5
Freyja:_Lady_of_Nightmare,Nightmare Horn,5,5
Freyr:_Dream-King,Dream Horn,5,5
Freyr:_Estival_Dreams,Raydream Horn,5,5
Fuga:_Force_of_Gales,Wind Tribe Club+,5,5
Gaius:_Thief_Exposed,Refreshing Bolt+,5,5
Galle:_Azure_Rider,Wyvern Lance,—,5
Galzus:_Dark_Blade_of_Od,Rein Sword+,5,5
Ganglöt:_Death_Anew,Arcane Downfall,5,5
Gangrel:_Plegia's_Mad_King,Levin Dagger,5,5
Gatrie:_Armored_Amour,Mercenary Lance,—,5
Geese:_A_Life_at_Sea,Flowing Lance+,5,5
Genny:_Dressed_with_Care,Toasty Skewer+,5,5
Genny:_Endearing_Ally,Springtime Staff,—,5
Geoffrey:_Realm's_Protector,Queenslance,5,5
Gerome:_Masked_Rider,Masking Axe,—,5
Gharnef:_Dark_Pontifex,Imhullu,5,5
Gilliam:_Wall_of_Silence,Frelian Lance,5,5
Ginnungagap:_Ruler_of_Nihility,Arcane Void,5,5
Glen:_Sunstone,Sunstone's Blade,5,5
Goldmary:_Coy_Beach_Divas,Diva-Pair Parasol,5,5
Gonzalez:_Kindly_Bandit,Rein Axe+,5,5
Gordin:_Altean_Archer,Renowned Bow,—,5
Gotoh:_Apostle_of_Naga,Fundament,5,5
Gotoh:_White_Sage,Brilliant Starlight,5,5
Gray:_Wry_Comrade,Laid-Back Blade,—,5
Gregor:_Swell_Sword,Blade of Favors,5,5
Greil:_Heroic_Exemplar,Faithful Axe+,5,5
Griss:_Indulging_Pain,Nova,5,5
Guinivere:_Queen_of_Bern,Radiant Aureola,5,5
Gullveig:_Glittering_Sunlight,Golden Sunlight,5,5
Gullveig:_Seer_Beyond_Time,The Cycle's Turn,5,5
Gunnthrá:_Beaming_Smile,Tropical Treats+,5,5
Gunnthrá:_Year's_First_Dream,Hikami,5,5
Gunter:_Inveterate_Soldier,Inveterate Axe,—,5
Gustav:_Majestic_Love,Loyalist Axe,5,5
Gustav:_Sovereign_Slain,Headsman Glitnir,5,5
Guy:_Kutolah_Blade,Vulture Blade+,5,5
Gwendolyn:_Adorable_Knight,Weighted Lance,—,5
Haar:_Black_Tempest,Tempest's Claw,—,5
Haar:_Tempest_Runner,Wyvern Katana+,5,5
Hana:_Focused_Ninja,Ninja Masakari+,5,5
Hana:_Focused_Samurai,Hana's Katana,—,5
Hana:_Striving_Heart,Petalfall Blade+,5,5
Hans:_Ambitious_Brute,Aurgelmir,5,5
Hapi:_Drawn-Out_Sigh,Demonic Tome,5,5
Hardin:_Dark_Emperor,Gradivus,5,5
Hardin:_The_Coyote,Coyote's Lance,5,5
Harken:_Troubled_Warrior,Troubling Blade,5,5
Hawkeye:_Desert_Guardian,Guardian's Axe,—,5
Hawkeye:_Taciturn_Guardian,Nabata Lance+,5,5
Hayato:_Diviner_of_Reppu,Rauðrlantern+,5,5
Heath:_Wandering_Knight,Hyperion Lance,—,5
Heath:_Wyvern_Ninja,Wyvern Yumi+,5,5
Heather:_Wandering_Ninja,Spy's Shuriken,5,5
Hector:_Brave_Warrior,Maltet,5,5
Hector:_General_of_Ostia,Armads,5,5
Hector:_Marquess_of_Ostia,Thunder Armads,5,5
Hector:_Steel_Warrior,Fellowship Blade,5,5
Hector:_Sworn_Friend,Valiant War Axe,5,5
Heiðr:_Innocent_Goddess,Heiðr,5,5
Heiðrún:_Healing_Nectar,Nectar Horn,5,5
Heiðrún:_Sisters_of_Healing,New Year Treats,5,5
Helbindi:_Seaside_Scourge,Sandfort Spade+,5,5
Henriette:_Overflowing_Love,Unity Blooms+,5,5
Henry:_Happy_Vampire,Spectral Tome+,5,5
Henry:_Peculiar_Egg,Carrot-Tip Bow+,5,5
Hestia:_Duma's_Witch,Blárdeer+,5,5
Hilda:_Deer's_Two-Piece,Sunshade Staff,5,5
Hilda:_Helping_Hand,Fuming Freikugel,5,5
Hilda:_Holiday_Layabout,Candy Cane+,5,5
Hilda:_Idle_Maiden,Freikugel,5,5
Hilda:_Queen_of_Friege,Fiery Bolganone,5,5
Hinata:_Samurai_Groom,Huge Fan+,5,5
Hinata:_Wild_Samurai,Hinata's Katana,—,5
Hinoka:_Blue_Sky_Warrior,Warrior Princess,5,5
Hinoka:_Fair_Pirate_Pair,Mermaid Bow,5,5
Hinoka:_Relaxed_Warrior,Splashy Bucket+,5,5
Hinoka:_Thundering_Wings,Fujin-Raijin Yumi,5,5
Hinoka:_Warrior_Princess,Hinoka's Spear,—,5
Holst:_Hero_of_Leicester,Warrior's Sword,5,5
Hortensia:_Little_Charmer,Arcane Charmer,—,5
Hortensia:_Winter's_Dearest,Snowman Staff,5,5
Hræsvelgr:_Quieting_Blade,Quieting Claw,5,5
Hræsvelgr:_Wings_of_Healing,New Year Talon,5,5
Hríd:_Icy_Blade,Gjöll,5,5
Hríd:_Island_Ice_Prince,Prince's Lance,5,5
Hríd:_Resolute_Prince,Geishun+,5,5
Hubert:_Crimson_Schemer,Devoted Cup+,5,5
Hubert:_Sinister_Servant,Retainer's Report,—,5
Hugh:_Worldly_Mage,Sell-Spell Tome,5,5
Iago:_Nohr's_Tactician,Iago's Tome,5,5
Idunn:_Divine_Demon,Dew Dragonstone,5,5
Idunn:_Dragonkin_Duo,Zephyr Breath,5,5
Ignatz:_Snowscape_Artist,Tannenbow+,5,5
Igrene:_Nabata_Protector,Guardian's Bow,5,5
Igrene:_Ninja_of_Nabata,Nabata Kunai,5,5
Igrene:_Sworn_Protectors,Sandglass Bow,5,5
Ike:_Brave_Mercenary,Urvan,5,5
Ike:_Close-Knit_Siblings,Sturdy War Sword,5,5
Ike:_Desert_Mercenary,Swirling Lance,5,5
Ike:_Of_Radiance,Emblem Ragnell,5,5
Ike:_Stalwart_Heart,Heart's Blade+,5,5
Ike:_Vanguard_Legend,Ragnell,5,5
Ike:_Young_Mercenary,Ragnell,5,5
Ilyana:_Awakened_Appetite,Windy War Tome,5,5
Ilyana:_Treat_Harvester,Spooky Censer+,5,5
Ingrid:_Beacon_of_Honor,Arcane Lúin,5,5
Ingrid:_Galatea's_Heir,Lúin,5,5
Ingrid:_Solstice_Knight,Starpoint Lance,5,5
Inigo:_Festival_Flower,Springy Bow+,5,5
Inigo:_Flower_Picker,Null Blade+,5,5
Inigo:_Indigo_Dancer,Dancer's Ring+,5,5
Innes:_Flawless_Form,Beach Banner+,5,5
Innes:_New_Year's_Aim,Snaking Bow+,5,5
Innes:_Regal_Strategician,Nidhogg,5,5
Isadora:_Escort_of_Pherae,Guarding Lance,5,5
Ishtar:_Echoing_Thunder,Thunder's Mjölnir,5,5
Ishtar:_Thunder_Goddess,Mjölnir,5,5
Ishtar:_Thunder's_Waltz,Mögþrasir,5,5
Itsuki:_Finding_a_Path,Mirage Falchion,5,5
Ivy:_Snow_Queen,Icebound Tome,5,5
Ivy:_Tidal_Breeze,Divine Draught,5,5
Jaffar:_Angel_of_Night,Minty Cane+,5,5
Jagen:_Veteran_Knight,Veteran Lance,—,5
Jakob:_Devoted_Monster,Monstrous Bow+,5,5
Jakob:_Devoted_Servant,Jakob's Tray,—,5
Jarod:_Nevassa_General,Null Spear+,5,5
Jedah:_Priest_of_Duma,Rauðrcrab+,5,5
Jeorge:_Perfect_Shot,Parthia,5,5
Jeralt:_Blade_Breaker,Breaker Lance,5,5
Jesse:_Blithe_Mercenary,Hexblade Sword+,5,5
Jill:_Fiery_Dracoknight,Talregan Axe,5,5
Joshua:_Resolute_Tempest,Blade of Jehanna,5,5
Joshua:_Tropical_Gambler,Coral Bow+,5,5
Julia:_Brides_of_Light,Loving Bouquets,5,5
Julia:_Crusader_of_Light,Virtuous Naga,5,5
Julia:_Naga's_Blood,Naga,5,5
Julia:_Scion_of_the_Saint,Luminous Grace+,5,5
Julian:_Tender_Thief,Thief's Honesty,—,5
Julius:_Scion_of_Darkness,Loptous,5,5
Juno:_Nimble_Grace,Blade of Sands,5,5
Juno:_Soaring_Bride,Love Bouquet+,5,5
Kaden:_Kitsune_Braggart,Kitsune Fang,5,5
Kaden:_Refreshed_Kitsune,Refreshed Fang,5,5
Kagero:_Beverage_Ninja,Bottled Juice+,5,5
Kagero:_Bond_Unwavering,Brightwind Fans,5,5
Kagero:_Honorable_Ninja,Kagero's Dart,—,5
Kagero:_Spring_Ninja,Lethal Carrot+,5,5
Kagetsu:_Onigiri_Samurai,Reversal Blade+,5,5
Kamui:_Wandering_Blade,Up-Front Blade+,5,5
Kana:_Dragon_Princess,Sun Dragonstone,—,5
Kana:_Rising_Dragon,Dragon's Stone+,5,5
Kana:_Rising_Sunlight,New-Sun Stone+,5,5
Karel:_Sword_Demon,Nameless Blade,—,5
Karin:_Driven_Knight,Allied Lance+,5,5
Karla:_Spring_Reveries,Sisterly War Axe,5,5
Karla:_Sun-Piercing_Steel,Dryblade Lance,5,5
Karla:_Sword_Vassal,Vassal's Blade,5,5
Katarina:_Torchlit_Wanderer,Fell Flambeau,5,5
Katarina:_Wayward_One,Reese's Tome,—,5
Kaze:_Easygoing_Ninja,Kaze's Needle,—,5
Keaton:_Lupine_Collector,Wolfskin Fang,5,5
Keaton:_Resolved_Wolfskin,Resolved Fang,5,5
Kellam:_Pumpkin_Knight,Farmer's Tool+,5,5
Kempf:_Conniving_General,Venin Edge,5,5
Kent:_Crimson_Shield,Allied Sword+,5,5
Kiragi:_Upbeat_Archer,Unbound Bow+,5,5
Kiria:_Cool_Façade,Mirage Rod,5,5
Kjelle:_Fair_Fighter,Heartbeat Lance,—,5
Kliff:_Curious_Spirit,Sagittae,5,5
Kris:_Ardent_Firebrand,Plegian Axe+,5,5
Kris:_Unsung_Hero,Spear of Shadow,5,5
Kurthnaga:_Autumn_Goldoan,Lantern Breath+,5,5
Kvasir:_Unknown_Future,Faded Paper Fan,5,5
Kyle:_Zealous_Knight,Pursual Lance+,5,5
Kyza:_Tiger_of_Fortune,Polished Fang,5,5
L'Arachel:_Harvest_Princess,Madness Flask+,5,5
L'Arachel:_Princess_of_Light,Ivaldi,5,5
L'Arachel:_Seeker_of_Justice,Staff of Rausten,5,5
L'Arachel:_Summer_Princess,Seaside Parasol+,5,5
Lachesis:_Ballroom_Bloom,Courtly Mask+,5,5
Lachesis:_Lionheart's_Sister,Absorb+,—,5
Laegjarn:_Burning_Sun,Worldsea Wave,5,5
Laegjarn:_Flame_and_Frost,Flamefrost Bow,5,5
Laegjarn:_Flame_Ascendant,Flame of Múspell,5,5
Laegjarn:_New_Experiences,Wagasa+,5,5
Laegjarn:_Sheathed_Steel,Níu,5,5
Laevatein:_Bonfire's_Blaze,Buoyboard+,5,5
Laevatein:_Kumade_Warrior,Kumade+,5,5
Laevatein:_Ninja_of_Múspell,Twin Star Axe,5,5
Laevatein:_Searing_Steel,Laevatein,5,5
Lana:_Benevolent_Bride,Bouquet Baton+,5,5
Lapis:_Mighty_Bride,Wildflower Edge,5,5
Lapis:_Mighty_Flower,Defier's Sword+,5,5
Lara:_Step_Lively,Clever Dagger+,5,5
Larcei:_Bride_of_Astra,Brilliant Brident,5,5
Larcei:_Keen_Kin,Larcei's Edge,5,5
Larcei:_Scion_of_Astra,Whirling Grace,5,5
Larum:_Dancing_Bride,Bridal Sunflower+,5,5
Larum:_Sprightly_Dancer,Dragonslasher+,5,5
Laslow:_Dancing_Duelist,Laslow's Blade,—,5
Laurent:_The_Elucidator,Hvítrdeer+,5,5
Læraðr:_Quieting_Heart,Quieting Branch,5,5
Leanne:_Forest's_Song,Heron Wing,5,5
Legault:_The_Hurricane,Hurricane Dagger,—,5
Legion:_Masked_Maniac,Sneering Axe,—,5
Leif:_Destined_Scions,Bow of Twelve,5,5
Leif:_Prince_of_Leonster,Light Brand,5,5
Leif:_Unifier_of_Thracia,Meisterbogen,5,5
Leila:_Keen_Lookout,Soothing Scent,5,5
Leila:_Superb_Shadow,Arcane Sly Knife,5,5
Lena:_Bereft_Angel,Martyr's Staff,5,5
Lena:_Tender_Angel,Gravity+,—,5
Lene:_Yearning_Dancer,Safeguard+,5,5
Leo:_Dark_Sprout,Tome of Dusk,5,5
Leo:_Extra_Tomatoes,Sandwiches!+,5,5
Leo:_Festival_Bonds,Juicy Bucketful+,5,5
Leo:_Seashore's_Prince,Tomato Tome+,5,5
Leo:_Shrouded_Heart,Duskbloom Bow,5,5
Leonardo:_Freedom's_Arrow,Doubler Bow+,5,5
Leonie:_Relentless_Rays,Sunflower Bow+,5,5
Lethe:_Cat_Attack,Hungry Cat Fang,5,5
Lethe:_New_Year's_Claw,Guardian Fang,5,5
Letizia:_Curse_Director,Körmt,5,5
Lewyn:_Guiding_Breeze,Forseti,5,5
Lewyn:_Wind-Song_Scion,Drifting Grace+,5,5
Lex:_Young_Blade,Goddess Axe,5,5
Libra:_Fetching_Friar,Inviolable Axe,—,5
Líf:_Arcane_Blade,Arcane Éljúðnir,5,5
Líf:_Lethal_Swordsman,Sökkvabekkr,5,5
Líf:_Undying_Ties_Duo,Þjálfi,5,5
Lifis:_Terror_of_Iz,Helmsman Axe+,5,5
Lilina:_Beachside_Bloom,Broadleaf Fan+,5,5
Lilina:_Beaming_Bride,True-Love Roses,5,5
Lilina:_Blush_of_Youth,Green Gift+,5,5
Lilina:_Brilliant_Flame,Arcane Truthfire,5,5
Lilina:_Delightful_Noble,Forblaze,—,5
Lilina:_Firelight_Leader,Studied Forblaze,5,5
Lilith:_Silent_Broodling,Silent Power,5,5
Limstella:_Living_Construct,Morph Fimbulvetr,5,5
Linde:_Bound_by_Fate,Celestial Globe,5,5
Linde:_Summer_Rays,Starfish+,5,5
Linhardt:_Hevring's_Heir,Pain+,—,5
Linhardt:_Spring_Snoozer,Carrot Bow+,5,5
Linus:_Savage_Dog,Dead-Fang Axe,5,5
Lissa:_Littlest_Princess,New War Axe,5,5
Lissa:_Pure_Joy,Handbell+,5,5
Lissa:_Sprightly_Cleric,Gravity+,—,5
Lissa:_Sweet_Celebrant,Staff of Tribute+,5,5
Lloyd:_Vengeful_Wolf,Dead-Wolf Blade,5,5
Lloyd:_White_Wolf,Regal Blade,5,5
Loki:_Spring_Trickster,Beguiling Bow+,5,5
Loki:_The_Trickster,Thökk,—,5
Loki:_Trickster_God,Supreme Thökk,5,5
Lon'qu:_Solitary_Blade,Solitary Blade,—,5
Lon'qu:_Spring_Jitters,Spring-Air Axe+,5,5
Lorenz:_Highborn_Heat,Conch Bouquet+,5,5
Louise:_Eternal_Devotion,Bouquet Bow+,5,5
Louise:_Lady_of_Violets,Noble Bow,—,5
Lucia:_Loyalty_Enrobed,Breezy Spear,5,5
Lucia:_Tireless_Advisor,Queensblade,5,5
Lucina:_Brave_Princess,Geirskögul,5,5
Lucina:_Fate's_Resolve,Arcane Þrima,5,5
Lucina:_Future_Fondness,Gerbera Axe,5,5
Lucina:_Future_Witness,Falchion,5,5
Lucina:_Glorious_Archer,Thögn,5,5
Lucina:_Shadows_of_Fate,Ylisse Ninja Bow,5,5
Lucina:_Spring_Exalt,Blue Egg+,5,5
Lucius:_Calming_Light,Mystic War Staff,5,5
Lucius:_The_Light,Pain+,—,5
Ludveck:_Rebellious_Duke,Defier's Axe+,5,5
Lugh:_Anima_Child,Tome of Reason,—,5
Lukas:_Buffet_for_One,Luncheon Lance+,5,5
Luke:_Rowdy_Squire,Rowdy Sword,—,5
Lumera:_Corrupted_Dragon,Arcane Fellstone,5,5
Lumera:_Dragon_Monarch,Monarch Blade,5,5
Lumera:_In_Distant_Skies,Monarch's Stone,5,5
Lute:_Prodigy,Weirding Tome,5,5
Lute:_Summer_Prodigy,Flora Guide+,5,5
Luthier:_Odd_Wayfarer,Gronnfox+,5,5
Luthier:_Spring_Hopes,Carrot-Tip Spear+,5,5
Lyn:_Blazing_Whirlwind,Firelight Lance,5,5
Lyn:_Brave_Lady,Mulagir,5,5
Lyn:_Bride_of_the_Plains,Candlelight+,—,5
Lyn:_Lady_of_the_Plains,Sol Katti,5,5
Lyn:_Lady_of_the_Wind,Swift Mulagir,5,5
Lyn:_Ninja-Friend_Duo,Tailwind Shuriken,5,5
Lyn:_Of_Blazing,Lady's Bow,5,5
Lyn:_Wind's_Embrace,Blue Gift+,5,5
Lyon:_Esteemed_Royals,Tender Vessel,5,5
Lyon:_Grado's_Gaze,Tome of Grado,5,5
Lyon:_Shadow_Prince,Naglfar,5,5
Lyon:_Sunlit_Prince,Coral Saber+,5,5
Lyre:_Lap_Cat_of_Luxury,Sparkling Fang,5,5
Lysithea:_Child_Prodigy,Hades Ω,5,5
Lysithea:_Gifted_Students,Sweet Yule Log,5,5
Lysithea:_Tea_Sweetener,Baked Treats,5,5
Mae:_Spring_Cheer,Spring-Air Egg+,5,5
Malice:_Blooming_Blade,Swirling Scimitar,5,5
Malice:_Deft_Sellsword,Spendy Scimitar,5,5
Mamori:_Microwavin'_Idol,Mirage Axe,5,5
Manuela:_Silver_Caroler,Winter Rapier+,5,5
Marcia:_Petulant_Knight,Unbound Lance+,5,5
Mareeta:_Astra_Awakened,Ascending Blade,5,5
Mareeta:_Sword_of_Stars,Mareeta's Sword,5,5
Mareeta:_The_Blade's_Pawn,Shadow Sword,5,5
Maria:_Minerva's_Sister,Panic+,—,5
Maria:_Ritual_Sacrifice,Sacrifice Staff,—,5
Maria:_Sunny_Smile,Pastel Poleaxe,5,5
Marianne:_Adopted_Daughter,Icy Fimbulvetr,5,5
Marianne:_Cursed_Blessing,Arcane Blutgang,5,5
Marianne:_Serene_Adherent,Phantasm Tome,5,5
Maribelle:_Dire_Damsel,Punishment Staff,—,5
Marisa:_Crimson_Flash,Shamshir,—,5
Marisa:_Crimson_Rabbit,Flashing Carrot+,5,5
Marisa:_Willful_Blades,Laconic Axe,5,5
Mark:_Winds_of_Hope,Total War Tome,5,5
Marla:_Duma's_Witch,Rauðrdeer+,5,5
Marni:_Pining_for_Praise,Praise-Piner Axe,5,5
Marth:_Altean_Groom,Ardent Service+,5,5
Marth:_Altean_Prince,Falchion,5,5
Marth:_Enigmatic_Blade,Falchion,5,5
Marth:_Hero-King,Exalted Falchion,5,5
Marth:_Love_and_Courage,Sword of Peace,5,5
Marth:_Of_Beginnings,Hero-King Sword,5,5
Marth:_Prince_of_Light,Genesis Falchion,5,5
Marth:_Royal_Altean_Duo,Tanngrisnir,5,5
Mathilda:_Legendary_Knight,Knightly Lance,—,5
Matthew:_Faithful_Spy,Spy's Dagger,—,5
Matthis:_Brother_to_Lena,Vulture Lance+,5,5
Mauvier:_Penitent_Knight,Penitent Lance,5,5
Medeus:_Earth-Dragon_King,Shadow Breath,5,5
Medeus:_Last_Earth_Dragon,Ancient Betrayal,5,5
Mercedes:_Kindly_Devotee,Gravity+,—,5
Mercedes:_Unfussed_Basker,Peachy Parfait+,5,5
Merric:_Changing_Winds,Winds of Change,5,5
Merric:_Wind_Mage,Excalibur,5,5
Merric:_Wind_Pontifex,Tender Excalibur,5,5
Merrin:_Suave_Knight,Suave Blade,5,5
Metodey:_Shrewd_Braggart,Gainful Dagger+,5,5
Mia:_Budding_Blade,Sharp War Sword,5,5
Mia:_Harmonic_Blades,Summer Strikers,5,5
Mia:_Lady_of_Blades,Resolute Blade,5,5
Mia:_Moonlit_Witch,Witchy Wand+,5,5
Mia:_Summer_Slice,Summertime Axe,5,5
Micaiah:_Dawn_Wind's_Duo,Joyful Vows,5,5
Micaiah:_Dawning_Maiden,Silver of Dawn,5,5
Micaiah:_Priestess_of_Dawn,Thani,5,5
Micaiah:_Queen_of_Dawn,Light of Dawn,5,5
Micaiah:_Radiant_Queen,New Dawn,5,5
Micaiah:_Summer's_Dawn,Dawn Suzu,5,5
Micaiah:_Wavecrest_Maiden,Moonlight Drop,5,5
Michalis:_Ambitious_King,Hauteclere,5,5
Michalis:_Fruiting_Ambition,Hare's Lance+,5,5
Midir:_Archer_of_Yngvi,Rampart Bow,5,5
Midori:_Reliable_Chemist,Lucky Bow,—,5
Mila:_Goddess_of_Love,Nurturing Breath,5,5
Minerva:_Red_Dragoon,Hauteclere,5,5
Minerva:_Verdant_Dragoon,Springy Lance+,5,5
Mirabilis:_Daydream,Flower of Ease,5,5
Mirabilis:_Spring_Daydream,Daydream Egg,5,5
Mirabilis:_Sugarplum_Vision,Dreamflake,5,5
Miranda:_Willful_Princess,Tome of Fury,—,5
Miriel:_Rapier_Intellect,Blárlion+,5,5
Mist:_Helpful_Sister,Elena's Staff,—,5
Mist:_Purest_Spirit,Gronnblooms+,5,5
Monica:_Favored_Vassal,Wind Genesis,5,5
Mordecai:_Gentle_Firetender,Fiery Fang,5,5
Mordecai:_Kindhearted_Tiger,Sabertooth Fang,5,5
Morgan:_Devoted_Darkness,Axe of Despair,5,5
Morgan:_Fated_Darkness,Tome of Despair,5,5
Morgan:_Lad_from_Afar,Grima's Truth,5,5
Morgan:_Lass_from_Afar,Father's Tactics,—,5
Mozu:_Tragic_Start,Forager Naginata,5,5
Muarim:_Raw_Instinct,Wild Tiger Fang,5,5
Murdock:_Loyal_General,Wyvern Hatchet,5,5
Múspell:_Flame_God,Flamelick Breath,5,5
Múspell:_Raging_Inferno,Breath of Flame,5,5
Mustafa:_Plegian_Champion,Plegian War Axe,—,5
Mycen:_Zofia's_Champion,Worldly Lance,5,5
Myrrh:_Adored_Dragon,Loving Breath,5,5
Myrrh:_Great_Dragon,Great Flame,5,5
Myrrh:_Guardian_Dragon,Godly Breath,5,5
Myrrh:_Spooky_Monster,Spirit Breath,5,5
Myrrh:_Spring_Harmony,Lilac-Jade Breath,5,5
Naesala:_Sea's_Shadow,Crossbones Claw,5,5
Naesala:_Sky's_Shadow,Raven King Beak,5,5
Naga:_Harvest_Divinity,Serenity Breath+,5,5
Naga:_Ruler_of_Dragons,Ancient Majesty,5,5
Nagi:_Dragon_Avatar,Ethereal Breath,5,5
Nagi:_Hopeful_Eternity,Opposing Stones,5,5
Nah:_Grateful_One,Stone of Delights,5,5
Nah:_Little_Miss,Oracle's Breath,5,5
Nailah:_Hatari_Scorcher,Royal Hatari Fang,5,5
Nailah:_Unflinching_Eye,Wolf Queen Fang,5,5
Nanna:_Beloved_Princess,Lands Sword,5,5
Nanna:_Mystletainn_Scion,Staff of Twelve+,5,5
Nanna:_Nordion_Princess,Absorb+,—,5
Narcian:_Vernal_General,Gilt Fork+,5,5
Narcian:_Wyvern_General,Runeaxe,—,5
Natasha:_Sacred_Healer,Absorb+,—,5
Navarre:_Scarlet_Ninja,Ninja Yari+,5,5
Navarre:_Scarlet_Sword,Scarlet Sword,—,5
Neimi:_Tearful_Archer,Rapid-Crier Bow,5,5
Nel:_Stoic_Bride,Dragonbloom+,5,5
Nel:_Stoic_Dragon,Arcane Fell Arts,5,5
Nephenee:_Festival_Harmony,Fluttering Fan,5,5
Nephenee:_Sincere_Dancer,Fiddlestick Bow+,5,5
Nergal:_Traitor_to_Nabata,Ereshkigal,5,5
Nerþuz:_Beach_Chaperone,Love of Nerþuz,5,5
Nerþuz:_God_of_the_Land,Horn of the Land,5,5
Nerþuz:_New-Year_Doter,Cute Paper Crane,5,5
Niðavellir:_Founding_King,Niðavellir Ballista,5,5
Níðhöggr:_Daze_of_Healing,New Year Fang,5,5
Nifl:_God_of_Ice,Frostbite Breath,5,5
Nifl:_Tropical_Ice_God,Chilled Breath,5,5
Niime:_Mountain_Hermit,Hvítrvulture+,5,5
Niles:_Cruel_to_Be_Kind,Niles's Bow,—,5
Niles:_Forbidden_Tease,Devilish Bow+,5,5
Nils:_Bright_Bard,Frost Breath,5,5
Nils:_Snowflake_Melody,Ice Dragonstone+,5,5
Nils:_Wandering_Star,Surprise Breath+,5,5
Nina:_Eye_Spy,Spy-Song Bow,—,5
Nina:_Shadowy_Figures,Shadowy Quill,5,5
Ninian:_Bright-Eyed_Bride,Fresh Bouquet+,5,5
Ninian:_Frozen_Heart,Enveloping Breath,5,5
Ninian:_Ice-Dragon_Oracle,Faithful Breath,5,5
Ninian:_Oracle_of_Destiny,Light Breath+,5,5
Nino:_Fang's_Heart,Göndul,5,5
Nino:_Flower_of_Frost,Tannenbit+,5,5
Nino:_Pale_Flower,Giga Excalibur,5,5
Nino:_Pious_Mage,Iris's Tome,—,5
Nino:_Spirited_Sorcerer,Child's Compass,5,5
Noah:_Mercenary-Errant,Ilian Merc Lance,5,5
Noire:_Demurely_Deft,Giant Shuriken+,5,5
Noire:_Shade_Seeker,Cocobow+,5,5
Nomah:_Priest_of_Mila,Prior's Tome,5,5
Norne:_Seaside_Volunteer,Shellpoint Lance+,5,5
Norne:_The_Volunteer,Volunteer Bow,—,5
Nótt:_Moon's_Elegance,Hrímfaxi,5,5
Nowi:_Eternal_Witch,Grimoire,5,5
Nowi:_Eternal_Youth,Purifying Breath,—,5
Nuibaba:_Mistress_of_Fear,Arcane Medusa,5,5
Nyna:_The_Last_Princess,Respite+,—,5
Nyx:_Rulebreaker_Mage,Ginnungagap,5,5
Oboro:_Fierce_Bride-to-Be,Pledged Blade+,5,5
Oboro:_Fierce_Fighter,Oboro's Spear,—,5
Odin:_Potent_Force,Odin's Grimoire,—,5
Ogier:_Ostia's_New_Blade,Doubler Sword+,5,5
Ogma:_Blade_on_Leave,Trident+,5,5
Ogma:_Loyal_Blade,Gladiator's Blade,—,5
Oliver:_Admirer_of_Beauty,Tome of Favors,—,5
Olivia:_Blushing_Beauty,Silver Sword+,5,5
Olivia:_Festival_Dancer,Dancer's Fan+,5,5
Olivia:_Sky-High_Dancer,Skuld,5,5
Olivia:_Wavecrest_Dancer,Sea Tambourine+,5,5
Olwen:_Blue_Mage_Knight,Dire Thunder,5,5
Olwen:_Righteous_Knight,Thunderhead,5,5
Ophelia:_Dramatic_Heroine,Missiletainn,5,5
Ophelia:_Starlit_Maiden,Arcane Eclipse,5,5
Orochi:_Merry_Diviner,Tiger Spirit,5,5
Oscar:_Agile_Horseman,Loyal Greatlance,—,5
Osian:_Scolded_Soldier,Vouge,5,5
Oswin:_Impregnable_Knight,Campaign Lance+,5,5
Owain:_Chosen_One,Missiletainn,5,5
Owain:_Devoted_Defender,Piercing Tribute+,5,5
Palla:_Eldest_Bun-Bun,Pegasus Carrot+,5,5
Palla:_Eldest_Whitewing,Whitewing Blade,—,5
Palla:_Kind_Eldest_Sister,Ladyblade,5,5
Palla:_Sisterly_Trio,Whitedown Spear,5,5
Pandreo:_Party_Priest,Respite+,5,5
Panette:_Classy_Brawler,Berserker Axe,5,5
Panne:_Proud_Taguel,Taguel Fang,5,5
Panne:_Welcoming_Dawn,Keen Rabbit Fang,5,5
Patty:_Youthful_Thief,Miasma Dagger+,5,5
Pelleas:_Ashnard's_Orphan,Rauðrlion+,5,5
Pent:_Fancy_Fiancé,Vessel of Cheer+,5,5
Pent:_Mage_General,Tome of Reglay,5,5
Peony:_Álfar_Dream_Duo,Bond of the Álfar,5,5
Peony:_Cherished_Dream,Flower of Caring,5,5
Peony:_Sweet_Dream,Flower of Joy,5,5
Perceval:_Knightly_Ideal,Prized Lance,5,5
Peri:_Playful_Slayer,Peri's Lance,—,5
Perne:_Dacian_Scoundrel,Blade Royale,5,5
Petra:_Faraway_Sun,Breaker Bow,5,5
Petra:_Princess_of_Brigid,Hunting Blade,5,5
Petrine:_Icy_Flame-Lancer,Flame Lance,5,5
Phila:_Pegasus_Master,Rein Lance+,5,5
Phina:_Roving_Dancer,Rapier,5,5
Plumeria:_Lewd_Dream,Flower of Plenty,5,5
Plumeria:_Rapturous_Dream,Arcane Euphoria,5,5
Plumeria:_Spring_Dance,Springing Spear,5,5
Plumeria:_Temptation_Anew,First-Dream Bow,5,5
Priam:_Radiant_Hero,Ancient Ragnell,5,5
Priscilla:_Delicate_Princess,Panic+,—,5
Python:_Apathetic_Archer,Snide Bow,—,5
Quan:_Lightfoot_Prince,Courtly Bow+,5,5
Quan:_Luminous_Lancer,Gáe Bolg,5,5
Rafal:_Atoning_Dragon,Fell Slaystone,5,5
Rafiel:_Blessed_Wings,Groom's Wing,5,5
Raigh:_Dark_Child,Hermit's Tome,—,5
Raphael:_Muscle-Monger,Plegian Bow+,5,5
Ratatoskr:_Mending_Hand,World-Tree Tail,5,5
Rath:_Wolf_of_Sacae,Sacaen-Wolf Bow,—,5
Rebecca:_Breezy_Scamp,Gusty War Bow,5,5
Rebecca:_Wildflower,Rebecca's Bow,—,5
Reginn:_Bearing_Dawn,Niðavellir Lots,5,5
Reginn:_Bearing_Hope,Lyngheiðr,5,5
Reginn:_Dvergr_Heir,Dvergr Wayfinder,5,5
Reina:_Sanguine_Shinobi,Kumo Yumi+,5,5
Reinhardt:_Lightning's_Rondo,Vafþrúðnir,5,5
Reinhardt:_Thrud_Reborn,Arcane Thunder,5,5
Reinhardt:_Thunder's_Fist,Dire Thunder,5,5
Reinhardt:_Thunder's_Sword,Meisterschwert,5,5
"Rennac:_Rich_""Merchant""",Vicious Dagger+,5,5
Reyson:_White_Prince,Heron Wing,5,5
Rhajat:_Black_Magician,Obsessive Curse,—,5
Rhea:_Aura_of_Love,Devoted Breath,5,5
Rhea:_Immaculate_One,Ruinous Frost,5,5
Rhea:_Loving_Matriarch,Revealing Breath,5,5
Rhea:_Witch_of_Creation,Witch Breath,5,5
Rhys:_Gentle_Basker,Palm Staff+,5,5
Rickard:_Carefree_Culprit,Florid Cane+,5,5
Ricken:_Shepherd_Novice,Gronnrabbit+,5,5
Riev:_Blood_Beryl,Argent Aura,5,5
Rinea:_Reminiscent_Belle,Silver Goblet+,5,5
Rinkah:_Consuming_Flame,Flame Gunbai+,5,5
Rinkah:_Scion_of_Flame,Rinkah's Club,5,5
Robin:_Exalt's_Deliverer,Deliverer's Brand,5,5
Robin:_Exalt's_Other_Half,Master's Tactics,5,5
Robin:_Exalt's_Right_Hand,Exalt's Tactics,5,5
Robin:_Fall_Reincarnation,Moonstrike Breath,5,5
Robin:_Fall_Vessel,Moonless Breath,5,5
Robin:_Fated_Vessel,Fell War Tome,5,5
Robin:_Fell_Reincarnation,Expiration,5,5
Robin:_Fell_Tactician,Arcane Grima,5,5
Robin:_Fell_Vessel,Expiration,5,5
Robin:_Festive_Tactician,Tannenboom!+,5,5
Robin:_High_Deliverer,Tactical Bolt,—,5
Robin:_Keen_Groom,Ring of Affiance+,5,5
Robin:_Mystery_Tactician,Tactical Gale,—,5
Robin:_Seaside_Tactician,Deft Harpoon+,5,5
Robin:_Tactful_Deliverer,Achimenes Furl,5,5
Robin:_Vessels_of_Fate,Draconic Pacts,5,5
Roderick:_Steady_Squire,Steady Lance,—,5
Rolf:_Tricky_Archer,Candlewax Bow+,5,5
Ronan:_Villager_of_Iz,Indignant Bow,5,5
Rosado:_Adorable_Artist,Axe of Adoration,5,5
Roshea:_Coyote's_Faithful,Stout Lance+,5,5
Ross:_His_Father's_Son,Father's-Son Axe,—,5
Roy:_Blazing_Bachelors,Blazing Polearms,5,5
Roy:_Youthful_Gifts,Gratia+,5,5
Rudolf:_Emperor_of_Rigel,Thorn Lance,5,5
Rune:_Source_of_Wisdom,Óðr of Creation,5,5
Rutger:_Lone_Swordsman,Wanderer Blade,—,5
Ryoma:_Dancing_Samurai,Sky Maiougi+,5,5
Ryoma:_Peerless_Samurai,Raijinto,5,5
Ryoma:_Samurai_at_Ease,It's Curtains...+,5,5
Ryoma:_Supreme_Samurai,Raijinto,5,5
Saber:_Driven_Mercenary,Golden Dagger,—,5
Saber:_Dune_Walker,Jehanna Lance+,5,5
Safy:_Font_of_Piety,Repair,—,5
Saias:_Bishop_of_Flame,Wargod's Tome,5,5
Sain:_Green_Lance,Jolly Jade Lance,5,5
Saizo:_Angry_Ninja,Saizo's Star,—,5
Saizo:_Hoshido's_Flame,Kumo Naginata+,5,5
Sakura:_Gentle_Nekomata,Kitty Paddle+,5,5
Sakura:_Hot-Spring_Healer,Grandscratcher+,5,5
Sakura:_In_Full_Bloom,Salvage,5,5
Sakura:_Loving_Priestess,Fear+,—,5
Saleh:_Vernal_Sage,Springy Axe+,5,5
Salem:_Dark_Sage,Rauðrvulture+,5,5
Sanaki:_Apostle_in_White,Nifl Frostflowers,5,5
Sanaki:_Dawnsworn_Ninja,Radiant Scrolls,5,5
Sara:_Lady_of_Loptr,Kia Staff,—,5
Saul:_Loving_Shepherd,Incurable+,—,5
Saul:_Minister_of_Love,Observant Staff+,5,5
Say'ri:_Righteous_Bride,Chon'sin Sprig,5,5
Scáthach:_Astra's_Wake,Spirited Sword+,5,5
Seadall:_Misfortune-Teller,Pumpkin Stem+,5,5
Sedgar:_Coyote's_Dutiful,Instant Bow+,5,5
Seiðr:_Goddess_of_Hope,Seiðr,5,5
Seiðr:_Time's_Goddesses,Goddess Temari,5,5
Selena:_Admiring_General,Devoted Basket+,5,5
Selena:_Cutting_Wit,Selena's Blade,—,5
Selena:_Fluorspar,Tome of Storms,5,5
Selena:_Sandbar_Fluorspar,Exotic Fruit Juice,5,5
Seliph:_Enduring_Legacy,Holytide Tyrfing,5,5
Seliph:_Heir_of_Light,Tyrfing,5,5
Seliph:_Light's_Legacy,Legacy Axe,5,5
Seliph:_Scion_of_Light,Virtuous Tyrfing,5,5
Selkie:_Free_Spirit,Foxkit Fang,5,5
Selkie:_New_Year's_Spirit,New Foxkit Fang,5,5
Sephiran:_Hoary_Sovereign,Tannenbaton+,5,5
Serra:_Outspoken_Cleric,Absorb+,—,5
Seteth:_Seiros_Adherent,Spear of Assal,5,5
Seth:_Silver_Knight,Silverbrand,—,5
Seth:_Silver-Sea_Knight,Seahorse Axe+,5,5
Setsuna:_Absent_Archer,Setsuna's Yumi,—,5
Severa:_Bitter_Blossom,Gullinkambi Egg,5,5
Severa:_Secret_Dreamer,Striving Sword,5,5
Shamir:_Archer_Apart,Survivalist Bow,5,5
Shamir:_Heartbeats_United,Partnership Bow,5,5
Shamir:_Lone-Moon_Ninja,Shuriken Cleaver+,5,5
Shanna:_Bridal_Novice,Rose-Quartz Bow,5,5
Shanna:_Sprightly_Flier,Shanna's Lance,—,5
Sharena:_Pillars_of_Peace,United Bouquet,5,5
Sharena:_Princess_of_Askr,Fensalir,5,5
Sharena:_Spring_Princess,Muninn's Egg,5,5
Shez:_Dual_Sword_Master,Dual Sword,5,5
Shez:_Keen_Mercenary,Crimson War-Axe,5,5
Shez:_Mercenary_Shade,Surfer's Spade,5,5
Shez:_Mercenary_Shine,Surfer's Spire,5,5
Shez:_Rising_Mercenary,Crimson Blades,5,5
Shez:_Sharpest_Blades,Asura Blades,5,5
Shez:_Snowfield_Envoy,Red-Fist Blades,5,5
Shigure:_Dark_Sky_Singer,Dancer's Score+,5,5
Shinon:_Sharptongue_Ninja,Ninja Yumi+,5,5
Sigrun:_Steadfast_Bride,Cake Cutter+,5,5
Sigurd:_Destined_Duo,Gilt Goblet,5,5
Sigurd:_Fated_Holy_Knight,Hallowed Tyrfing,5,5
Sigurd:_Of_the_Holy_War,Holy-War Spear,5,5
Sigurd:_Proper_Pourer,Knightly Manner,5,5
Silas:_Loyal_Knight,Sworn Lance,—,5
Silque:_Adherent_of_Mila,Staff of Lilies,—,5
Silque:_Selfless_Cleric,Rapport Wand+,5,5
Silvia:_Traveling_Dancer,Barrier Blade+,5,5
Sirius:_Mysterious_Knight,Sable Lance,5,5
Soleil:_Adorable_Adorer,Soleil's Shine,—,5
Sonia:_Inhuman_Beauty,Fimbulvetr Morn,—,5
Sonya:_Beautiful_Mage,Arc. Caliburnus,5,5
Sonya:_Dazzling_Rabbits,Magic Rabbits,5,5
Sophia:_Cobweb_Prophet,Spider Plush+,5,5
Sophia:_Nabata_Prophet,Eternal Tome,—,5
Sophia:_Prescient_Bride,Dragon Bouquet,5,5
Soren:_Addled_Strategist,Blárblooms+,5,5
Soren:_Hushed_Voice,Adroit War Tome,5,5
Soren:_Radiant_Confidant,Arch-Sage Tome,5,5
Soren:_Shrewd_Strategist,Wind's Brand,—,5
Soren:_Wind_of_Tradition,Magical Lantern+,5,5
Sothe:_Dawning_Zephyr,Arcane Tempest,5,5
Sothe:_Rushing_Dawn,Florid Knife+,5,5
Sothe:_Zephyr,Peshkatz,5,5
Sothis:_Bound-Spirit_Duo,Eerie Scripture,5,5
Sothis:_Girl_on_the_Throne,Sublime Surge,5,5
Sothis:_Silver_Specter,Snow's Grace,5,5
Stahl:_Viridian_Knight,Panther Sword,—,5
Subaki:_Perfect_Expert,Golden Naginata,—,5
Sue:_Doe_of_the_Plains,Quick Mulagir,—,5
Sumia:_Maid_of_Flowers,Flower Lance,—,5
Surtr:_Pirate_of_Red_Sky,Sea-Sear Lance,5,5
Surtr:_Ruler_of_Flame,Sinmara,5,5
Sylvain:_Consummate_Flirt,Allied Axe+,5,5
Sylvain:_Hanging_with_Tens,Melon Float+,5,5
Sylvain:_Spring_Flingster,Flingster Spear,5,5
Syrene:_Graceful_Rider,Frelian Blade,5,5
Tailtiu:_Teatime_Mingler,Teacake Tower+,5,5
Tailtiu:_Thunder_Noble,Tome of Thoron,—,5
Takumi:_Empty_Vessel,Skadi,5,5
Takumi:_Prince_at_Play,Fishie Bow+,5,5
Takumi:_Prince_of_Soup,Kagami Mochi+,5,5
Takumi:_Troubled_Heart,Dawnsweet Box,5,5
Takumi:_Wild_Card,Fujin Yumi,5,5
Takumi:_Wishful_Spark,Stall-Game Bow+,5,5
Tana:_Frelian_Starlight,Lance of Frelia,5,5
Tana:_Noble_and_Nimble,Fruit of Iðunn,5,5
Tana:_Soaring_New_Year,Snaking Sword,5,5
Tana:_Soaring_Princess,Arcane Náströnd,5,5
Tana:_Soothing_Warmth,Kindling Taiko,5,5
Tana:_Winged_Princess,Vidofnir,5,5
Tanith:_Bright_Blade,Steadfast Sword+,5,5
Tanith:_Forthright_Heart,Lofty Blossoms+,5,5
Tanya:_Dagdar's_Kid,Violdrake Bow,—,5
Tatiana:_Devoted_Saint,Blárrabbit+,5,5
Tethys:_Beloved_Dancer,The Cleaner+,5,5
Tethys:_Dancing_Sands,Jehanna Dagger+,5,5
"Tharja:_""Normal_Girl""",Candelabra+,5,5
Tharja:_Beach_Dark_Mage,Seashell Bowl+,5,5
Tharja:_Dark_Shadow,Tharja's Hex,—,5
Tharja:_Florid_Charmer,Plegian Torch+,5,5
Tharja:_Obsessive_Bride,Múspell Fireposy,5,5
Tharja:_Shadow_Ninja,Scroll of Curses,5,5
Thea:_Stormy_Flier,Icy Maltet,—,5
Thea:_Wings_of_Winter,Ilian Frost Blade,5,5
Thórr:_Sun-Kissed_Gods,Divine Whimsy,5,5
Thórr:_War_God,War-God Mjölnir,5,5
Thrasir:_Omnicidal_Witch,Ífingr,5,5
Tibarn:_Lord_of_the_Air,Hawk King Claw,5,5
Tibarn:_Shipless_Pirate,Sky-Pirate Claw,5,5
Tiki:_Awakened_Blood,Awoken Breath,5,5
Tiki:_Beachside_Scion,Summer's Breath,5,5
Tiki:_Bridal_Reflections,Twin Divinestone,5,5
Tiki:_Dragon's_Progeny,Ancient Voice,5,5
Tiki:_Fated_Divinity,Remote Breath,5,5
Tiki:_Harmonic_Hope,Frostfire Breath,5,5
Tiki:_Summering_Scion,Melon Crusher+,5,5
Tiki:_Torpid_Dragon,Razing Breath,5,5
Timerra:_Desert_Warrior,Desert Spear,5,5
Timerra:_Trick_or_Meat,Inspirited Spear,5,5
Tina:_Playful_Scamp,Thief,—,5
Tine:_Determined_Bride,Bridal Bouquet+,5,5
Tine:_Rumbling_Thunder,Thunderer Tome,5,5
Titania:_Warm_Knight,Loyal Wreath+,5,5
Tobin:_The_Clueless_One,Jubilant Blade,—,5
Tormod:_Indomitable_Will,Nabata Beacon+,5,5
Travant:_King_of_Thracia,Thracia Kinglance,—,5
Triandra:_Nightmare,Flower of Sorrow,5,5
Triandra:_Reverent_Dream,Flower of Tribute,5,5
Triandra:_Sunlit_Nightmare,Nightmare's Egg,5,5
Tsubasa:_Madcap_Idol,Mirage Feather,5,5
Ullr:_The_Bowmaster,Holy Yewfelle,5,5
Ursula:_Blackened_Crow,Dead-Crow Tome,5,5
Ursula:_Clear-Blue_Crow,Scallop Blade+,5,5
Ursula:_Royal-Blue_Crow,Crow's Crystal,5,5
Uther:_Frugal_Militarist,Pursual Axe+,5,5
Vaida:_Dracofang_General,Spear,5,5
Vaike:_Sunbaked_Stunner,Tropical Conch+,5,5
Valbar:_Open_and_Honest,Valbar's Lance,—,5
Validar:_Fell_Architect,Grimleal Text,5,5
Vanessa:_Dutiful_Rider,Up-Front Lance+,5,5
Veld:_Manfroy's_Rock,Petrify,5,5
Velouria:_Renewed_Wolfpup,Renewed Fang,5,5
Velouria:_Wolf_Cub,Wolfpup Fang,5,5
Veronica:_Bestowed_Love,Pact Blooms+,5,5
Veronica:_Brave_Princess,Hliðskjálf,—,5
Veronica:_Harmonic_Pirates,Gate-Anchor Axe,5,5
Veronica:_Princess_Rising,Enclosing Dark,5,5
Veronica:_Spring_Princess,Veðrfölnir's Egg,5,5
Veyle:_Fell_Successor,Fell Child's Might,5,5
Veyle:_Gentle_Dragon,Obscurité,5,5
Veyle:_Spring_Tranquility,Gentle Fell Egg,5,5
Vigarde:_Silent_Emperor,Protection Pike+,5,5
Vigarde:_Warmhearted_Sire,Axe of Devotion+,5,5
Vika:_Sea-Dark_Wing,Ebon-Pirate Claw,5,5
Volke:_Man_of_Mysteries,Fireman's Hook,5,5
Vyland:_Coyote's_Justice,Unbound Axe+,5,5
Walhart:_The_Conqueror,Wolf Berg,5,5
Wil:_Unequaled_Archer,Halting Bow+,5,5
Wolf:_Coyote's_Loyal,Keen Coyote Bow,5,5
Wolt:_Sunbeam_Archer,Big-Catch Bow+,5,5
Wrys:_Kindly_Priest,Slow+,—,5
Xander:_Dancing_Knight,Dusk Uchiwa+,5,5
Xander:_Focused_Firstborn,Sword of Dusk,5,5
Xander:_Gallant_King,Ebon Bölverk,5,5
Xander:_Paragon_Knight,Siegfried,5,5
Xander:_Spring_Prince,Carrot Lance+,5,5
Xander:_Student_Swimmer,Lilith Floatie+,5,5
Xane:_Autumn_Trickster,Jokers Wild,5,5
Xane:_Desert_Mirage,Serpentine Staff+,5,5
Xane:_Fickle_Dragon,Ancient Trickery,5,5
Yarne:_Hoppy_New_Year,Wary Rabbit Fang,5,5
Yarne:_Trick_or_Taguel,Full Rabbit Fang,5,5
Yen'fay:_Blade_Legend,Carnage Amatsu,5,5
Ylgr:_Breaking_the_Ice,Shoreline Rake+,5,5
Ylgr:_Fresh_Snowfall,Sylgr,5,5
Ymir:_Life-Mother,Everliving Breath,5,5
Ymir:_Seasons_of_Life,Sparkling Sun,5,5
Yukimura:_Puppet_Master,Perspicacious,5,5
Yuliya:_Princess_of_Grust,Sunlight+,—,5
Yunaka:_Hidden_Mask,Hidden Blade,5,5
Yunaka:_Spirited_Envoy,Silent Yule Knife,5,5
Yuri:_Ashen_Valiant,Honorable Blade,5,5
Yuri:_Underground_Lord,Abyssal Blade,5,5
Zeiss:_Ebon_Bolt,Reversal Lance+,5,5
Zeke:_Past_Unknown,Holy Gradivus,5,5
Zelestia:_Loving_Leader,Gronnlantern+,5,5
Zelgius:_Ninja_Knight,Scarlet Spear,5,5
Zelot:_Avowed_Groom,Love Candelabra+,5,5
Zephia:_Scheming_Dragon,Packleader Tome,5,5
Zephiel:_The_Liberator,Eckesachs,5,5
Zephiel:_Winter's_Crown,Bellringer+,5,5
Zihark:_Ninja_Blademaster,Ninja Katana+,5,5
Þjazi:_Ruthless_Jötun,Arcane Giant Axe,5,5
